predictions,label_name
"[-1.  1.  1. -1.  1.  1.  1.  1. -1. -1.  1.  1.  1. -1. -1. -1.  1.  1.
 -1.  1. -1. -1.  1. -1.]",FRI
"[-1.  1.  1. -1.  1.  1.  1.  1. -1. -1.  1.  1.  1. -1. -1. -1.  1.  1.
 -1.  1. -1. -1.  1. -1.]",FRI
"[-1.  1.  1. -1.  1.  1.  1.  1. -1. -1.  1.  1.  1. -1. -1. -1.  1.  1.
 -1.  1. -1. -1.  1. -1.]",FRI
"[-1.         -1.         -1.         -1.         -1.          1.
 -1.         -1.         -1.          1.         -0.99999994  1.
 -1.          1.          1.          1.         -1.         -1.
  1.         -1.          1.          1.         -1.         -1.        ]",FRI
"[-1.          1.          1.         -1.          1.          1.
  1.          1.         -1.         -1.          0.99998456  0.9857385
  1.         -1.         -1.         -1.          1.          1.
 -1.          1.         -1.         -1.          1.         -1.        ]",FRI
"[-1.  1.  1. -1.  1.  1.  1.  1. -1. -1.  1.  1.  1. -1. -1. -1.  1.  1.
 -1.  1. -1. -1.  1. -1.]",FRI
"[-1.  1.  1. -1.  1.  1.  1.  1. -1. -1.  1.  1.  1. -1. -1. -1.  1.  1.
 -1.  1. -1. -1.  1. -1.]",FRI
"[-1.  1.  1. -1.  1.  1.  1.  1. -1. -1.  1.  1.  1. -1. -1. -1.  1.  1.
 -1.  1. -1. -1.  1. -1.]",FRI
"[-1.  1.  1. -1.  1.  1.  1.  1. -1. -1.  1.  1.  1. -1. -1. -1.  1.  1.
 -1.  1. -1. -1.  1. -1.]",FRI
"[-1.  1.  1. -1.  1.  1.  1.  1. -1. -1.  1.  1.  1. -1. -1. -1.  1.  1.
 -1.  1. -1. -1.  1. -1.]",FRI
"[-1.  1.  1. -1.  1.  1.  1.  1. -1. -1.  1.  1.  1. -1. -1. -1.  1.  1.
 -1.  1. -1. -1.  1. -1.]",FRI
"[-1.  1.  1. -1.  1.  1.  1.  1. -1. -1.  1.  1.  1. -1. -1. -1.  1.  1.
 -1.  1. -1. -1.  1. -1.]",FRI
"[-1.  1.  1. -1.  1.  1.  1.  1. -1. -1.  1.  1.  1. -1. -1. -1.  1.  1.
 -1.  1. -1. -1.  1. -1.]",FRI
"[-1.  1.  1. -1.  1.  1.  1.  1. -1. -1.  1.  1.  1. -1. -1. -1.  1.  1.
 -1.  1. -1. -1.  1. -1.]",FRI
"[-1.  1.  1. -1.  1.  1.  1.  1. -1. -1.  1.  1.  1. -1. -1. -1.  1.  1.
 -1.  1. -1. -1.  1. -1.]",FRI
"[-1.  1.  1. -1.  1.  1.  1.  1. -1. -1.  1.  1.  1. -1. -1. -1.  1.  1.
 -1.  1. -1. -1.  1. -1.]",FRI
"[-0.9981005  -0.99953043  0.99999994 -0.99698216 -0.9998449   0.99948967
  0.9999999  -0.9996202  -0.9988808   0.9996378   0.5383975   0.9999982
 -0.9679349  -0.99999976  0.9998696   0.9999997   0.9999999   0.9999999
  0.9995814  -0.9999943   0.9999245  -1.         -0.9893482  -0.99582565]",FRI
"[-1.  1.  1. -1.  1.  1.  1.  1. -1. -1.  1.  1.  1. -1. -1. -1.  1.  1.
 -1.  1. -1. -1.  1. -1.]",FRI
"[-1.  1.  1. -1.  1.  1.  1.  1. -1. -1.  1.  1.  1. -1. -1. -1.  1.  1.
 -1.  1. -1. -1.  1. -1.]",FRI
"[ 0.9996155  -0.97154033  1.          0.99730635 -0.99999475 -0.9991658
  1.         -0.9999999   0.99732673  0.98556805 -1.         -1.
 -0.9999169  -1.          0.99999994  0.9940378   1.          1.
  0.9988716  -0.9999936   0.9998522  -1.         -0.99999344  0.9966891 ]",FRI
"[-1.  1.  1. -1.  1.  1.  1.  1. -1. -1.  1.  1.  1. -1. -1. -1.  1.  1.
 -1.  1. -1. -1.  1. -1.]",FRI
"[-1.  1.  1. -1.  1.  1.  1.  1. -1. -1.  1.  1.  1. -1. -1. -1.  1.  1.
 -1.  1. -1. -1.  1. -1.]",FRI
"[-1.          1.          1.         -1.          0.99999994  1.
  1.          0.99999994 -1.         -1.          1.          0.999999
  1.         -1.         -1.         -0.99999994  1.          1.
 -1.          0.99999994 -0.99999976 -1.          1.         -1.        ]",FRI
"[-1.  1.  1. -1.  1.  1.  1.  1. -1. -1.  1.  1.  1. -1. -1. -1.  1.  1.
 -1.  1. -1. -1.  1. -1.]",FRI
"[-1.  1.  1. -1.  1.  1.  1.  1. -1. -1.  1.  1.  1. -1. -1. -1.  1.  1.
 -1.  1. -1. -1.  1. -1.]",FRI
"[-1.  1.  1. -1.  1.  1.  1.  1. -1. -1.  1.  1.  1. -1. -1. -1.  1.  1.
 -1.  1. -1. -1.  1. -1.]",FRI
"[-1.  1.  1. -1.  1.  1.  1.  1. -1. -1.  1.  1.  1. -1. -1. -1.  1.  1.
 -1.  1. -1. -1.  1. -1.]",FRI
"[-1.  1.  1. -1.  1.  1.  1.  1. -1. -1.  1.  1.  1. -1. -1. -1.  1.  1.
 -1.  1. -1. -1.  1. -1.]",FRI
"[-1.  1.  1. -1.  1.  1.  1.  1. -1. -1.  1.  1.  1. -1. -1. -1.  1.  1.
 -1.  1. -1. -1.  1. -1.]",FRI
"[-1.  1.  1. -1.  1.  1.  1.  1. -1. -1.  1.  1.  1. -1. -1. -1.  1.  1.
 -1.  1. -1. -1.  1. -1.]",FRI
"[-1.  1.  1. -1.  1.  1.  1.  1. -1. -1.  1.  1.  1. -1. -1. -1.  1.  1.
 -1.  1. -1. -1.  1. -1.]",FRI
"[-1.  1.  1. -1.  1.  1.  1.  1. -1. -1.  1.  1.  1. -1. -1. -1.  1.  1.
 -1.  1. -1. -1.  1. -1.]",FRI
"[-1.  1.  1. -1.  1.  1.  1.  1. -1. -1.  1.  1.  1. -1. -1. -1.  1.  1.
 -1.  1. -1. -1.  1. -1.]",FRI
"[-1.  1.  1. -1.  1.  1.  1.  1. -1. -1.  1.  1.  1. -1. -1. -1.  1.  1.
 -1.  1. -1. -1.  1. -1.]",FRI
"[-1.  1.  1. -1.  1.  1.  1.  1. -1. -1.  1.  1.  1. -1. -1. -1.  1.  1.
 -1.  1. -1. -1.  1. -1.]",FRI
"[-1.  1.  1. -1.  1.  1.  1.  1. -1. -1.  1.  1.  1. -1. -1. -1.  1.  1.
 -1.  1. -1. -1.  1. -1.]",FRI
"[-1.          0.99997616  0.9999965  -1.          0.9999728   1.
  0.9999811   0.99999994 -1.         -0.99999833  0.9999895   1.
  0.99997103 -0.99987197 -0.9999979  -0.999997    0.9997968   0.999957
 -0.99992096  0.99999154 -0.99994975 -0.99988467  0.9999924  -1.        ]",FRI
"[-1.  1.  1. -1.  1.  1.  1.  1. -1. -1.  1.  1.  1. -1. -1. -1.  1.  1.
 -1.  1. -1. -1.  1. -1.]",FRI
"[-1.  1.  1. -1.  1.  1.  1.  1. -1. -1.  1.  1.  1. -1. -1. -1.  1.  1.
 -1.  1. -1. -1.  1. -1.]",FRI
"[ 0.99999136 -1.          0.96978915  0.9998398  -1.         -0.9999812
  0.99933296 -1.          0.9999842   1.         -1.         -1.
 -1.         -0.99857026  1.          1.          0.99933094  0.99926805
  1.         -1.          1.         -0.9994432  -1.          0.9999759 ]",FRI
"[-1.  1.  1. -1.  1.  1.  1.  1. -1. -1.  1.  1.  1. -1. -1. -1.  1.  1.
 -1.  1. -1. -1.  1. -1.]",FRI
"[-1.  1.  1. -1.  1.  1.  1.  1. -1. -1.  1.  1.  1. -1. -1. -1.  1.  1.
 -1.  1. -1. -1.  1. -1.]",FRI
"[-1.          0.9999966  -0.8778639  -1.          0.9999996   1.
  0.9978424   0.99974066 -1.         -0.999915    0.9965513   1.
  0.99999905 -0.9996285  -0.99999887 -0.99999946  0.9996887   0.99973667
 -0.9999938   0.9999999  -0.99999994 -0.99984705  0.99999046 -1.        ]",FRI
"[-1.  1.  1. -1.  1.  1.  1.  1. -1. -1.  1.  1.  1. -1. -1. -1.  1.  1.
 -1.  1. -1. -1.  1. -1.]",FRI
"[-1.  1.  1. -1.  1.  1.  1.  1. -1. -1.  1.  1.  1. -1. -1. -1.  1.  1.
 -1.  1. -1. -1.  1. -1.]",FRI
"[-1.  1.  1. -1.  1.  1.  1.  1. -1. -1.  1.  1.  1. -1. -1. -1.  1.  1.
 -1.  1. -1. -1.  1. -1.]",FRI
"[-1.  1.  1. -1.  1.  1.  1.  1. -1. -1.  1.  1.  1. -1. -1. -1.  1.  1.
 -1.  1. -1. -1.  1. -1.]",FRI
"[-1.  1.  1. -1.  1.  1.  1.  1. -1. -1.  1.  1.  1. -1. -1. -1.  1.  1.
 -1.  1. -1. -1.  1. -1.]",FRI
"[-0.9999994   1.          1.         -0.99999964  1.          0.9999997
  1.          1.         -0.99999994 -1.          1.          1.
  1.         -1.         -1.         -1.          1.          1.
 -1.          1.         -1.         -1.          1.         -0.9999998 ]",FRI
"[-1.          0.962367    0.5300624  -1.          0.9991039   1.
 -0.7985009   0.97617733 -1.         -0.808086    0.9137811   1.
  0.988151   -0.8002326  -0.98254114 -0.9876828  -0.00495573  0.095078
 -0.8879992   0.88960963 -0.9999556   0.5415347   0.83464    -1.        ]",FRI
"[-1. -1. -1. -1. -1.  1. -1. -1. -1.  1. -1.  1. -1.  1.  1.  1. -1. -1.
  1. -1.  1.  1. -1. -1.]",FRI
"[-1. -1. -1. -1. -1.  1. -1. -1. -1.  1. -1.  1. -1.  1.  1.  1. -1. -1.
  1. -1.  1.  1. -1. -1.]",FRI
"[-1.  1.  1. -1.  1.  1.  1.  1. -1. -1.  1.  1.  1. -1. -1. -1.  1.  1.
 -1.  1. -1. -1.  1. -1.]",FRI
"[-1.  1.  1. -1.  1.  1.  1.  1. -1. -1.  1.  1.  1. -1. -1. -1.  1.  1.
 -1.  1. -1. -1.  1. -1.]",FRI
"[-0.99057996 -0.99999535  0.9978132  -0.98845214 -0.99998504  0.9971761
  0.9991633  -0.9999831  -0.99040014  0.99999136  0.48663738  0.99303097
 -0.9944666  -0.9980006   0.999961    1.          0.998191    0.99831486
  0.99999654 -1.          0.9999993  -0.9998662  -0.995495   -0.98137754]",FRI
"[-1.         -0.9999999  -0.99999994 -1.         -1.          1.
 -1.         -1.         -1.          1.         -1.          1.
 -0.9999994   1.          0.9999992   0.99999994 -1.         -1.
  1.         -1.          0.99999964  1.         -0.9999999  -1.        ]",FRI
"[-1.         -0.995458   -0.99952877 -1.         -0.9763539   1.
 -0.999979   -0.9818558  -1.          0.9992641  -0.6829305   1.
 -0.98762673  0.9999506   0.73179525  0.99468327 -0.9999679  -0.99996495
  0.9920619  -0.9691234   0.9935839   0.9994823  -0.92162263 -1.        ]",FRI
"[-1.          0.99999994  1.         -1.          0.99999994  1.
  1.          1.         -1.         -1.          1.          0.9999425
  1.         -1.         -1.         -1.          1.          1.
 -1.          0.99999964 -0.99999994 -1.          1.         -1.        ]",FRI
"[-0.9999997  -1.         -0.99500316 -0.9999999  -1.          0.99999976
 -0.9908907  -1.         -0.9999996   1.         -0.999996    0.99999976
 -1.          0.9961661   1.          1.         -0.99071264 -0.9971987
  1.         -1.          1.          0.96978194 -1.         -0.99999976]",FRI
"[-1.  1.  1. -1.  1.  1.  1.  1. -1. -1.  1.  1.  1. -1. -1. -1.  1.  1.
 -1.  1. -1. -1.  1. -1.]",FRI
"[-1.  1.  1. -1.  1.  1.  1.  1. -1. -1.  1.  1.  1. -1. -1. -1.  1.  1.
 -1.  1. -1. -1.  1. -1.]",FRI
"[-1.  1.  1. -1.  1.  1.  1.  1. -1. -1.  1.  1.  1. -1. -1. -1.  1.  1.
 -1.  1. -1. -1.  1. -1.]",FRI
"[-1.  1.  1. -1.  1.  1.  1.  1. -1. -1.  1.  1.  1. -1. -1. -1.  1.  1.
 -1.  1. -1. -1.  1. -1.]",FRI
"[ 1. -1.  1.  1. -1. -1.  1. -1.  1.  1. -1. -1. -1. -1.  1.  1.  1.  1.
  1. -1.  1. -1. -1.  1.]",FRI
"[-1.  1.  1. -1.  1.  1.  1.  1. -1. -1.  1.  1.  1. -1. -1. -1.  1.  1.
 -1.  1. -1. -1.  1. -1.]",FRI
"[-0.9999776   0.9999997   1.         -0.99996656  0.99999917  0.9999981
  1.          0.9999992  -0.999983   -0.9999998   0.9999982   0.9999483
  0.99999964 -1.         -0.9999994  -0.9999957   1.          1.
 -0.99999976  0.99997884 -0.999986   -1.          0.99999994 -0.9999923 ]",FRI
"[-1.  1.  1. -1.  1.  1.  1.  1. -1. -1.  1.  1.  1. -1. -1. -1.  1.  1.
 -1.  1. -1. -1.  1. -1.]",FRI
"[-1.  1.  1. -1.  1.  1.  1.  1. -1. -1.  1.  1.  1. -1. -1. -1.  1.  1.
 -1.  1. -1. -1.  1. -1.]",FRI
"[-1.  1.  1. -1.  1.  1.  1.  1. -1. -1.  1.  1.  1. -1. -1. -1.  1.  1.
 -1.  1. -1. -1.  1. -1.]",FRI
"[ 1. -1.  1.  1. -1. -1.  1. -1.  1.  1. -1. -1. -1. -1.  1.  1.  1.  1.
  1. -1.  1. -1. -1.  1.]",FRI
"[-1.  1.  1. -1.  1.  1.  1.  1. -1. -1.  1.  1.  1. -1. -1. -1.  1.  1.
 -1.  1. -1. -1.  1. -1.]",FRI
"[-1.  1.  1. -1.  1.  1.  1.  1. -1. -1.  1.  1.  1. -1. -1. -1.  1.  1.
 -1.  1. -1. -1.  1. -1.]",FRI
"[ 0.99999875 -1.          1.          0.99999684 -1.         -0.9999953
  1.         -1.          0.9999989   1.         -0.999999   -0.9999997
 -1.         -1.          1.          1.          1.          1.
  1.         -1.          1.         -1.         -1.          0.99999696]",FRI
"[-1.  1.  1. -1.  1.  1.  1.  1. -1. -1.  1.  1.  1. -1. -1. -1.  1.  1.
 -1.  1. -1. -1.  1. -1.]",FRI
"[-1.  1.  1. -1.  1.  1.  1.  1. -1. -1.  1.  1.  1. -1. -1. -1.  1.  1.
 -1.  1. -1. -1.  1. -1.]",FRI
"[-0.9999994   1.          1.         -0.9999986   1.          0.9999995
  1.          1.         -0.99999803 -1.          0.9999999   1.
  1.         -1.         -1.         -1.          1.          1.
 -1.          1.         -1.         -1.          1.         -0.9999986 ]",FRI
"[-1.  1.  1. -1.  1.  1.  1.  1. -1. -1.  1.  1.  1. -1. -1. -1.  1.  1.
 -1.  1. -1. -1.  1. -1.]",FRI
"[-1.  1.  1. -1.  1.  1.  1.  1. -1. -1.  1.  1.  1. -1. -1. -1.  1.  1.
 -1.  1. -1. -1.  1. -1.]",FRI
"[-1.  1.  1. -1.  1.  1.  1.  1. -1. -1.  1.  1.  1. -1. -1. -1.  1.  1.
 -1.  1. -1. -1.  1. -1.]",FRI
"[-1.  1.  1. -1.  1.  1.  1.  1. -1. -1.  1.  1.  1. -1. -1. -1.  1.  1.
 -1.  1. -1. -1.  1. -1.]",FRI
"[-1.  1.  1. -1.  1.  1.  1.  1. -1. -1.  1.  1.  1. -1. -1. -1.  1.  1.
 -1.  1. -1. -1.  1. -1.]",FRI
"[-1.  1.  1. -1.  1.  1.  1.  1. -1. -1.  1.  1.  1. -1. -1. -1.  1.  1.
 -1.  1. -1. -1.  1. -1.]",FRI
"[-1.  1.  1. -1.  1.  1.  1.  1. -1. -1.  1.  1.  1. -1. -1. -1.  1.  1.
 -1.  1. -1. -1.  1. -1.]",FRI
"[-1.  1.  1. -1.  1.  1.  1.  1. -1. -1.  1.  1.  1. -1. -1. -1.  1.  1.
 -1.  1. -1. -1.  1. -1.]",FRI
"[-1.  1.  1. -1.  1.  1.  1.  1. -1. -1.  1.  1.  1. -1. -1. -1.  1.  1.
 -1.  1. -1. -1.  1. -1.]",FRI
"[-1.  1.  1. -1.  1.  1.  1.  1. -1. -1.  1.  1.  1. -1. -1. -1.  1.  1.
 -1.  1. -1. -1.  1. -1.]",FRI
"[-1.  1.  1. -1.  1.  1.  1.  1. -1. -1.  1.  1.  1. -1. -1. -1.  1.  1.
 -1.  1. -1. -1.  1. -1.]",FRI
"[ 1. -1.  1.  1. -1. -1.  1. -1.  1.  1. -1. -1. -1. -1.  1.  1.  1.  1.
  1. -1.  1. -1. -1.  1.]",FRI
"[-1.  1.  1. -1.  1.  1.  1.  1. -1. -1.  1.  1.  1. -1. -1. -1.  1.  1.
 -1.  1. -1. -1.  1. -1.]",FRI
"[ 1. -1.  1.  1. -1. -1.  1. -1.  1.  1. -1. -1. -1. -1.  1.  1.  1.  1.
  1. -1.  1. -1. -1.  1.]",FRI
"[-1.  1.  1. -1.  1.  1.  1.  1. -1. -1.  1.  1.  1. -1. -1. -1.  1.  1.
 -1.  1. -1. -1.  1. -1.]",FRI
"[-0.58631676 -1.          0.9630229  -0.6573603  -0.9999999   0.824614
  0.5808577  -0.99999994 -0.72049326  0.99999994 -0.50447357 -0.20250301
 -0.9998257  -0.67849946  1.          1.          0.5858143   0.87461025
  1.         -1.          1.         -0.9358143  -0.99999636 -0.4482788 ]",FRI
"[-1.  1.  1. -1.  1.  1.  1.  1. -1. -1.  1.  1.  1. -1. -1. -1.  1.  1.
 -1.  1. -1. -1.  1. -1.]",FRI
"[-1.  1.  1. -1.  1.  1.  1.  1. -1. -1.  1.  1.  1. -1. -1. -1.  1.  1.
 -1.  1. -1. -1.  1. -1.]",FRI
"[-1.  1.  1. -1.  1.  1.  1.  1. -1. -1.  1.  1.  1. -1. -1. -1.  1.  1.
 -1.  1. -1. -1.  1. -1.]",FRI
"[-1.  1.  1. -1.  1.  1.  1.  1. -1. -1.  1.  1.  1. -1. -1. -1.  1.  1.
 -1.  1. -1. -1.  1. -1.]",FRI
"[-1.          0.99999946  1.         -1.          0.9999999   1.
  0.99999994  1.         -1.         -0.9999998   1.          1.
  0.99999994 -0.99999994 -1.         -0.99999976  0.9999998   1.
 -0.99999976  0.9999999  -0.99999976 -1.          1.         -1.        ]",FRI
"[-1.  1.  1. -1.  1.  1.  1.  1. -1. -1.  1.  1.  1. -1. -1. -1.  1.  1.
 -1.  1. -1. -1.  1. -1.]",FRI
"[-1.  1.  1. -1.  1.  1.  1.  1. -1. -1.  1.  1.  1. -1. -1. -1.  1.  1.
 -1.  1. -1. -1.  1. -1.]",FRI
"[-1.  1.  1. -1.  1.  1.  1.  1. -1. -1.  1.  1.  1. -1. -1. -1.  1.  1.
 -1.  1. -1. -1.  1. -1.]",FRI
"[-1. -1. -1. -1. -1.  1. -1. -1. -1.  1. -1.  1. -1.  1.  1.  1. -1. -1.
  1. -1.  1.  1. -1. -1.]",FRII
"[-1. -1. -1. -1. -1.  1. -1. -1. -1.  1. -1.  1. -1.  1.  1.  1. -1. -1.
  1. -1.  1.  1. -1. -1.]",FRII
"[-1. -1. -1. -1. -1.  1. -1. -1. -1.  1. -1.  1. -1.  1.  1.  1. -1. -1.
  1. -1.  1.  1. -1. -1.]",FRII
"[-1. -1. -1. -1. -1.  1. -1. -1. -1.  1. -1.  1. -1.  1.  1.  1. -1. -1.
  1. -1.  1.  1. -1. -1.]",FRII
"[-1. -1. -1. -1. -1.  1. -1. -1. -1.  1. -1.  1. -1.  1.  1.  1. -1. -1.
  1. -1.  1.  1. -1. -1.]",FRII
"[ 1. -1.  1.  1. -1. -1.  1. -1.  1.  1. -1. -1. -1. -1.  1.  1.  1.  1.
  1. -1.  1. -1. -1.  1.]",FRII
"[-1.         -1.         -1.         -1.         -1.          1.
 -0.99999994 -1.         -1.          1.         -1.          1.
 -1.          0.99999994  1.          1.         -1.         -1.
  1.         -1.          1.          0.99999976 -1.         -1.        ]",FRII
"[-1. -1. -1. -1. -1.  1. -1. -1. -1.  1. -1.  1. -1.  1.  1.  1. -1. -1.
  1. -1.  1.  1. -1. -1.]",FRII
"[-1. -1. -1. -1. -1.  1. -1. -1. -1.  1. -1.  1. -1.  1.  1.  1. -1. -1.
  1. -1.  1.  1. -1. -1.]",FRII
"[-1. -1. -1. -1. -1.  1. -1. -1. -1.  1. -1.  1. -1.  1.  1.  1. -1. -1.
  1. -1.  1.  1. -1. -1.]",FRII
"[-1. -1. -1. -1. -1.  1. -1. -1. -1.  1. -1.  1. -1.  1.  1.  1. -1. -1.
  1. -1.  1.  1. -1. -1.]",FRII
"[-1. -1. -1. -1. -1.  1. -1. -1. -1.  1. -1.  1. -1.  1.  1.  1. -1. -1.
  1. -1.  1.  1. -1. -1.]",FRII
"[-1. -1. -1. -1. -1.  1. -1. -1. -1.  1. -1.  1. -1.  1.  1.  1. -1. -1.
  1. -1.  1.  1. -1. -1.]",FRII
"[-1.         -1.         -1.         -1.         -1.          1.
 -1.         -1.         -1.          1.         -0.99999994  1.
 -1.          1.          1.          1.         -1.         -1.
  1.         -1.          1.          1.         -1.         -1.        ]",FRII
"[-1. -1. -1. -1. -1.  1. -1. -1. -1.  1. -1.  1. -1.  1.  1.  1. -1. -1.
  1. -1.  1.  1. -1. -1.]",FRII
"[-1. -1. -1. -1. -1.  1. -1. -1. -1.  1. -1.  1. -1.  1.  1.  1. -1. -1.
  1. -1.  1.  1. -1. -1.]",FRII
"[-1. -1. -1. -1. -1.  1. -1. -1. -1.  1. -1.  1. -1.  1.  1.  1. -1. -1.
  1. -1.  1.  1. -1. -1.]",FRII
"[-1. -1. -1. -1. -1.  1. -1. -1. -1.  1. -1.  1. -1.  1.  1.  1. -1. -1.
  1. -1.  1.  1. -1. -1.]",FRII
"[-1. -1. -1. -1. -1.  1. -1. -1. -1.  1. -1.  1. -1.  1.  1.  1. -1. -1.
  1. -1.  1.  1. -1. -1.]",FRII
"[-0.17789094 -1.          0.9949905   0.6132437  -1.         -0.97907716
  0.9999865  -1.          0.7660044   1.         -1.         -0.9999963
 -1.         -0.9999808   1.          1.          0.9999839   0.99997824
  1.         -1.          1.         -0.99996614 -1.          0.5698104 ]",FRII
"[-1. -1. -1. -1. -1.  1. -1. -1. -1.  1. -1.  1. -1.  1.  1.  1. -1. -1.
  1. -1.  1.  1. -1. -1.]",FRII
"[-1. -1. -1. -1. -1.  1. -1. -1. -1.  1. -1.  1. -1.  1.  1.  1. -1. -1.
  1. -1.  1.  1. -1. -1.]",FRII
"[-1. -1. -1. -1. -1.  1. -1. -1. -1.  1. -1.  1. -1.  1.  1.  1. -1. -1.
  1. -1.  1.  1. -1. -1.]",FRII
"[-1. -1. -1. -1. -1.  1. -1. -1. -1.  1. -1.  1. -1.  1.  1.  1. -1. -1.
  1. -1.  1.  1. -1. -1.]",FRII
"[-1. -1. -1. -1. -1.  1. -1. -1. -1.  1. -1.  1. -1.  1.  1.  1. -1. -1.
  1. -1.  1.  1. -1. -1.]",FRII
"[-1. -1. -1. -1. -1.  1. -1. -1. -1.  1. -1.  1. -1.  1.  1.  1. -1. -1.
  1. -1.  1.  1. -1. -1.]",FRII
"[-1. -1. -1. -1. -1.  1. -1. -1. -1.  1. -1.  1. -1.  1.  1.  1. -1. -1.
  1. -1.  1.  1. -1. -1.]",FRII
"[-1. -1. -1. -1. -1.  1. -1. -1. -1.  1. -1.  1. -1.  1.  1.  1. -1. -1.
  1. -1.  1.  1. -1. -1.]",FRII
"[-1. -1. -1. -1. -1.  1. -1. -1. -1.  1. -1.  1. -1.  1.  1.  1. -1. -1.
  1. -1.  1.  1. -1. -1.]",FRII
"[-1. -1. -1. -1. -1.  1. -1. -1. -1.  1. -1.  1. -1.  1.  1.  1. -1. -1.
  1. -1.  1.  1. -1. -1.]",FRII
"[-1. -1. -1. -1. -1.  1. -1. -1. -1.  1. -1.  1. -1.  1.  1.  1. -1. -1.
  1. -1.  1.  1. -1. -1.]",FRII
"[-1. -1. -1. -1. -1.  1. -1. -1. -1.  1. -1.  1. -1.  1.  1.  1. -1. -1.
  1. -1.  1.  1. -1. -1.]",FRII
"[-1. -1. -1. -1. -1.  1. -1. -1. -1.  1. -1.  1. -1.  1.  1.  1. -1. -1.
  1. -1.  1.  1. -1. -1.]",FRII
"[-1. -1. -1. -1. -1.  1. -1. -1. -1.  1. -1.  1. -1.  1.  1.  1. -1. -1.
  1. -1.  1.  1. -1. -1.]",FRII
"[-1. -1. -1. -1. -1.  1. -1. -1. -1.  1. -1.  1. -1.  1.  1.  1. -1. -1.
  1. -1.  1.  1. -1. -1.]",FRII
"[-1. -1. -1. -1. -1.  1. -1. -1. -1.  1. -1.  1. -1.  1.  1.  1. -1. -1.
  1. -1.  1.  1. -1. -1.]",FRII
"[-1. -1. -1. -1. -1.  1. -1. -1. -1.  1. -1.  1. -1.  1.  1.  1. -1. -1.
  1. -1.  1.  1. -1. -1.]",FRII
"[-1. -1. -1. -1. -1.  1. -1. -1. -1.  1. -1.  1. -1.  1.  1.  1. -1. -1.
  1. -1.  1.  1. -1. -1.]",FRII
"[ 0.975568   -1.          0.30252552  0.9867488  -1.         -0.9992338
  0.99709785 -1.          0.9950081   1.         -1.         -0.99993294
 -1.         -0.99466974  1.          1.          0.99190825  0.9964862
  1.         -1.          1.         -0.99729466 -1.          0.99279475]",FRII
"[-1. -1. -1. -1. -1.  1. -1. -1. -1.  1. -1.  1. -1.  1.  1.  1. -1. -1.
  1. -1.  1.  1. -1. -1.]",FRII
"[-1. -1. -1. -1. -1.  1. -1. -1. -1.  1. -1.  1. -1.  1.  1.  1. -1. -1.
  1. -1.  1.  1. -1. -1.]",FRII
"[-1. -1. -1. -1. -1.  1. -1. -1. -1.  1. -1.  1. -1.  1.  1.  1. -1. -1.
  1. -1.  1.  1. -1. -1.]",FRII
"[-1. -1. -1. -1. -1.  1. -1. -1. -1.  1. -1.  1. -1.  1.  1.  1. -1. -1.
  1. -1.  1.  1. -1. -1.]",FRII
"[-1. -1. -1. -1. -1.  1. -1. -1. -1.  1. -1.  1. -1.  1.  1.  1. -1. -1.
  1. -1.  1.  1. -1. -1.]",FRII
"[-1. -1. -1. -1. -1.  1. -1. -1. -1.  1. -1.  1. -1.  1.  1.  1. -1. -1.
  1. -1.  1.  1. -1. -1.]",FRII
"[ 9.7234046e-01 -1.0000000e+00 -9.4691080e-01  9.6595794e-01
 -1.0000000e+00 -9.9204457e-01 -4.0725105e-02 -1.0000000e+00
  9.6987414e-01  1.0000000e+00 -1.0000000e+00 -9.9997550e-01
 -1.0000000e+00 -2.9376119e-01  1.0000000e+00  1.0000000e+00
 -3.5762784e-04  5.0492865e-01  1.0000000e+00 -1.0000000e+00
  1.0000000e+00 -5.3074044e-01 -1.0000000e+00  9.7930682e-01]",FRII
"[-1. -1. -1. -1. -1.  1. -1. -1. -1.  1. -1.  1. -1.  1.  1.  1. -1. -1.
  1. -1.  1.  1. -1. -1.]",FRII
"[-1. -1. -1. -1. -1.  1. -1. -1. -1.  1. -1.  1. -1.  1.  1.  1. -1. -1.
  1. -1.  1.  1. -1. -1.]",FRII
"[ 1. -1.  1.  1. -1. -1.  1. -1.  1.  1. -1. -1. -1. -1.  1.  1.  1.  1.
  1. -1.  1. -1. -1.  1.]",FRII
"[-0.9999999  -1.         -0.9998861  -0.9999979  -1.          0.9999994
 -0.9995626  -1.         -0.9999988   1.         -1.          0.9999889
 -1.          0.9990332   1.          1.         -0.99921983 -0.99879557
  1.         -1.          1.          0.99907756 -1.         -0.99999845]",FRII
"[-0.99999994 -1.         -0.9999982  -0.99999994 -1.          0.99999964
 -0.9999989  -1.         -0.99999994  1.         -1.          0.99999994
 -1.          0.99999714  1.          1.         -0.9999995  -0.99999946
  1.         -1.          1.          0.99999905 -1.         -0.99999976]",FRII
"[-1. -1. -1. -1. -1.  1. -1. -1. -1.  1. -1.  1. -1.  1.  1.  1. -1. -1.
  1. -1.  1.  1. -1. -1.]",FRII
"[-1. -1. -1. -1. -1.  1. -1. -1. -1.  1. -1.  1. -1.  1.  1.  1. -1. -1.
  1. -1.  1.  1. -1. -1.]",FRII
"[-1. -1. -1. -1. -1.  1. -1. -1. -1.  1. -1.  1. -1.  1.  1.  1. -1. -1.
  1. -1.  1.  1. -1. -1.]",FRII
"[-1.          0.9443384   0.4911382  -1.          0.9973044   1.
  0.9978705   0.9670059  -1.         -0.9846193   0.9980175   1.
  0.89948434 -0.99989295 -0.9499119  -0.9998044   0.99969506  0.99994266
 -0.7670313   0.93221825 -0.9998407  -0.9992388   0.73248607 -1.        ]",FRII
"[-1. -1. -1. -1. -1.  1. -1. -1. -1.  1. -1.  1. -1.  1.  1.  1. -1. -1.
  1. -1.  1.  1. -1. -1.]",FRII
"[-1. -1. -1. -1. -1.  1. -1. -1. -1.  1. -1.  1. -1.  1.  1.  1. -1. -1.
  1. -1.  1.  1. -1. -1.]",FRII
"[-1. -1. -1. -1. -1.  1. -1. -1. -1.  1. -1.  1. -1.  1.  1.  1. -1. -1.
  1. -1.  1.  1. -1. -1.]",FRII
"[-1. -1. -1. -1. -1.  1. -1. -1. -1.  1. -1.  1. -1.  1.  1.  1. -1. -1.
  1. -1.  1.  1. -1. -1.]",FRII
"[-1. -1. -1. -1. -1.  1. -1. -1. -1.  1. -1.  1. -1.  1.  1.  1. -1. -1.
  1. -1.  1.  1. -1. -1.]",FRII
"[-1. -1. -1. -1. -1.  1. -1. -1. -1.  1. -1.  1. -1.  1.  1.  1. -1. -1.
  1. -1.  1.  1. -1. -1.]",FRII
"[-1. -1. -1. -1. -1.  1. -1. -1. -1.  1. -1.  1. -1.  1.  1.  1. -1. -1.
  1. -1.  1.  1. -1. -1.]",FRII
"[-1. -1. -1. -1. -1.  1. -1. -1. -1.  1. -1.  1. -1.  1.  1.  1. -1. -1.
  1. -1.  1.  1. -1. -1.]",FRII
"[-1. -1. -1. -1. -1.  1. -1. -1. -1.  1. -1.  1. -1.  1.  1.  1. -1. -1.
  1. -1.  1.  1. -1. -1.]",FRII
"[-1. -1. -1. -1. -1.  1. -1. -1. -1.  1. -1.  1. -1.  1.  1.  1. -1. -1.
  1. -1.  1.  1. -1. -1.]",FRII
"[-1. -1. -1. -1. -1.  1. -1. -1. -1.  1. -1.  1. -1.  1.  1.  1. -1. -1.
  1. -1.  1.  1. -1. -1.]",FRII
"[-1. -1. -1. -1. -1.  1. -1. -1. -1.  1. -1.  1. -1.  1.  1.  1. -1. -1.
  1. -1.  1.  1. -1. -1.]",FRII
"[-1. -1. -1. -1. -1.  1. -1. -1. -1.  1. -1.  1. -1.  1.  1.  1. -1. -1.
  1. -1.  1.  1. -1. -1.]",FRII
"[-1. -1. -1. -1. -1.  1. -1. -1. -1.  1. -1.  1. -1.  1.  1.  1. -1. -1.
  1. -1.  1.  1. -1. -1.]",FRII
"[-1. -1. -1. -1. -1.  1. -1. -1. -1.  1. -1.  1. -1.  1.  1.  1. -1. -1.
  1. -1.  1.  1. -1. -1.]",FRII
"[-1. -1. -1. -1. -1.  1. -1. -1. -1.  1. -1.  1. -1.  1.  1.  1. -1. -1.
  1. -1.  1.  1. -1. -1.]",FRII
"[-1. -1. -1. -1. -1.  1. -1. -1. -1.  1. -1.  1. -1.  1.  1.  1. -1. -1.
  1. -1.  1.  1. -1. -1.]",FRII
"[-1.         -1.         -0.99990284 -1.         -0.9999998   1.
 -0.99983186 -0.9999984  -1.          1.         -0.87627923  1.
 -0.99999934  0.9998707   0.99999946  1.         -0.9999558  -0.9997083
  1.         -1.          1.          0.99975055 -0.9999856  -1.        ]",FRII
"[-1. -1. -1. -1. -1.  1. -1. -1. -1.  1. -1.  1. -1.  1.  1.  1. -1. -1.
  1. -1.  1.  1. -1. -1.]",FRII
"[-1. -1. -1. -1. -1.  1. -1. -1. -1.  1. -1.  1. -1.  1.  1.  1. -1. -1.
  1. -1.  1.  1. -1. -1.]",FRII
"[-1. -1. -1. -1. -1.  1. -1. -1. -1.  1. -1.  1. -1.  1.  1.  1. -1. -1.
  1. -1.  1.  1. -1. -1.]",FRII
"[-1. -1. -1. -1. -1.  1. -1. -1. -1.  1. -1.  1. -1.  1.  1.  1. -1. -1.
  1. -1.  1.  1. -1. -1.]",FRII
"[-1. -1. -1. -1. -1.  1. -1. -1. -1.  1. -1.  1. -1.  1.  1.  1. -1. -1.
  1. -1.  1.  1. -1. -1.]",FRII
"[-1. -1. -1. -1. -1.  1. -1. -1. -1.  1. -1.  1. -1.  1.  1.  1. -1. -1.
  1. -1.  1.  1. -1. -1.]",FRII
"[-1. -1. -1. -1. -1.  1. -1. -1. -1.  1. -1.  1. -1.  1.  1.  1. -1. -1.
  1. -1.  1.  1. -1. -1.]",FRII
"[ 1. -1.  1.  1. -1. -1.  1. -1.  1.  1. -1. -1. -1. -1.  1.  1.  1.  1.
  1. -1.  1. -1. -1.  1.]",FRII
"[-1. -1. -1. -1. -1.  1. -1. -1. -1.  1. -1.  1. -1.  1.  1.  1. -1. -1.
  1. -1.  1.  1. -1. -1.]",FRII
"[-1. -1. -1. -1. -1.  1. -1. -1. -1.  1. -1.  1. -1.  1.  1.  1. -1. -1.
  1. -1.  1.  1. -1. -1.]",FRII
"[-1. -1. -1. -1. -1.  1. -1. -1. -1.  1. -1.  1. -1.  1.  1.  1. -1. -1.
  1. -1.  1.  1. -1. -1.]",FRII
"[-1. -1. -1. -1. -1.  1. -1. -1. -1.  1. -1.  1. -1.  1.  1.  1. -1. -1.
  1. -1.  1.  1. -1. -1.]",FRII
"[-1. -1. -1. -1. -1.  1. -1. -1. -1.  1. -1.  1. -1.  1.  1.  1. -1. -1.
  1. -1.  1.  1. -1. -1.]",FRII
"[-1. -1. -1. -1. -1.  1. -1. -1. -1.  1. -1.  1. -1.  1.  1.  1. -1. -1.
  1. -1.  1.  1. -1. -1.]",FRII
"[-1. -1. -1. -1. -1.  1. -1. -1. -1.  1. -1.  1. -1.  1.  1.  1. -1. -1.
  1. -1.  1.  1. -1. -1.]",FRII
"[-1. -1. -1. -1. -1.  1. -1. -1. -1.  1. -1.  1. -1.  1.  1.  1. -1. -1.
  1. -1.  1.  1. -1. -1.]",FRII
"[-1. -1. -1. -1. -1.  1. -1. -1. -1.  1. -1.  1. -1.  1.  1.  1. -1. -1.
  1. -1.  1.  1. -1. -1.]",FRII
"[-1. -1. -1. -1. -1.  1. -1. -1. -1.  1. -1.  1. -1.  1.  1.  1. -1. -1.
  1. -1.  1.  1. -1. -1.]",FRII
"[-1. -1. -1. -1. -1.  1. -1. -1. -1.  1. -1.  1. -1.  1.  1.  1. -1. -1.
  1. -1.  1.  1. -1. -1.]",FRII
"[-1.         -0.9997098  -0.99924564 -1.         -0.9875773   1.
 -0.8714319  -0.9893021  -1.          0.99453187 -0.9991124   1.
 -0.99986225  0.4700575   0.9991596   0.9755156  -0.68722117  0.1134526
  0.9999344  -0.99978364  0.3801836   0.97338    -0.99992436 -1.        ]",FRII
"[-1. -1. -1. -1. -1.  1. -1. -1. -1.  1. -1.  1. -1.  1.  1.  1. -1. -1.
  1. -1.  1.  1. -1. -1.]",FRII
"[-1. -1. -1. -1. -1.  1. -1. -1. -1.  1. -1.  1. -1.  1.  1.  1. -1. -1.
  1. -1.  1.  1. -1. -1.]",FRII
"[-1.         -1.         -0.99999803 -1.         -1.          1.
 -0.9999854  -1.         -1.          1.         -1.          1.
 -1.          0.9999645   1.          1.         -0.99999577 -0.9999942
  1.         -1.          1.          0.99995553 -1.         -1.        ]",FRII
"[-1. -1. -1. -1. -1.  1. -1. -1. -1.  1. -1.  1. -1.  1.  1.  1. -1. -1.
  1. -1.  1.  1. -1. -1.]",FRII
"[-1.         -1.         -1.         -1.         -0.9999995   1.
 -0.9997096  -0.99999964 -1.          1.         -0.9988351   1.
 -0.99999917  0.9996364   0.9999995   1.         -0.9998341  -0.999237
  1.         -1.          0.99999964  0.9994928  -0.99999845 -1.        ]",FRII
"[-1. -1. -1. -1. -1.  1. -1. -1. -1.  1. -1.  1. -1.  1.  1.  1. -1. -1.
  1. -1.  1.  1. -1. -1.]",FRII
"[-1. -1. -1. -1. -1.  1. -1. -1. -1.  1. -1.  1. -1.  1.  1.  1. -1. -1.
  1. -1.  1.  1. -1. -1.]",FRII
"[-1. -1. -1. -1. -1.  1. -1. -1. -1.  1. -1.  1. -1.  1.  1.  1. -1. -1.
  1. -1.  1.  1. -1. -1.]",FRII
"[ 1. -1.  1.  1. -1. -1.  1. -1.  1.  1. -1. -1. -1. -1.  1.  1.  1.  1.
  1. -1.  1. -1. -1.  1.]",Bent
"[ 1. -1.  1.  1. -1. -1.  1. -1.  1.  1. -1. -1. -1. -1.  1.  1.  1.  1.
  1. -1.  1. -1. -1.  1.]",Bent
"[ 1. -1.  1.  1. -1. -1.  1. -1.  1.  1. -1. -1. -1. -1.  1.  1.  1.  1.
  1. -1.  1. -1. -1.  1.]",Bent
"[ 1. -1.  1.  1. -1. -1.  1. -1.  1.  1. -1. -1. -1. -1.  1.  1.  1.  1.
  1. -1.  1. -1. -1.  1.]",Bent
"[ 1. -1.  1.  1. -1. -1.  1. -1.  1.  1. -1. -1. -1. -1.  1.  1.  1.  1.
  1. -1.  1. -1. -1.  1.]",Bent
"[ 1. -1.  1.  1. -1. -1.  1. -1.  1.  1. -1. -1. -1. -1.  1.  1.  1.  1.
  1. -1.  1. -1. -1.  1.]",Bent
"[-1. -1. -1. -1. -1.  1. -1. -1. -1.  1. -1.  1. -1.  1.  1.  1. -1. -1.
  1. -1.  1.  1. -1. -1.]",Bent
"[ 1. -1.  1.  1. -1. -1.  1. -1.  1.  1. -1. -1. -1. -1.  1.  1.  1.  1.
  1. -1.  1. -1. -1.  1.]",Bent
"[ 1. -1.  1.  1. -1. -1.  1. -1.  1.  1. -1. -1. -1. -1.  1.  1.  1.  1.
  1. -1.  1. -1. -1.  1.]",Bent
"[-1. -1. -1. -1. -1.  1. -1. -1. -1.  1. -1.  1. -1.  1.  1.  1. -1. -1.
  1. -1.  1.  1. -1. -1.]",Bent
"[ 1. -1.  1.  1. -1. -1.  1. -1.  1.  1. -1. -1. -1. -1.  1.  1.  1.  1.
  1. -1.  1. -1. -1.  1.]",Bent
"[ 1. -1.  1.  1. -1. -1.  1. -1.  1.  1. -1. -1. -1. -1.  1.  1.  1.  1.
  1. -1.  1. -1. -1.  1.]",Bent
"[ 1. -1.  1.  1. -1. -1.  1. -1.  1.  1. -1. -1. -1. -1.  1.  1.  1.  1.
  1. -1.  1. -1. -1.  1.]",Bent
"[ 1. -1.  1.  1. -1. -1.  1. -1.  1.  1. -1. -1. -1. -1.  1.  1.  1.  1.
  1. -1.  1. -1. -1.  1.]",Bent
"[ 1. -1.  1.  1. -1. -1.  1. -1.  1.  1. -1. -1. -1. -1.  1.  1.  1.  1.
  1. -1.  1. -1. -1.  1.]",Bent
"[ 1. -1.  1.  1. -1. -1.  1. -1.  1.  1. -1. -1. -1. -1.  1.  1.  1.  1.
  1. -1.  1. -1. -1.  1.]",Bent
"[ 1. -1.  1.  1. -1. -1.  1. -1.  1.  1. -1. -1. -1. -1.  1.  1.  1.  1.
  1. -1.  1. -1. -1.  1.]",Bent
"[ 1. -1.  1.  1. -1. -1.  1. -1.  1.  1. -1. -1. -1. -1.  1.  1.  1.  1.
  1. -1.  1. -1. -1.  1.]",Bent
"[ 1. -1.  1.  1. -1. -1.  1. -1.  1.  1. -1. -1. -1. -1.  1.  1.  1.  1.
  1. -1.  1. -1. -1.  1.]",Bent
"[ 1. -1.  1.  1. -1. -1.  1. -1.  1.  1. -1. -1. -1. -1.  1.  1.  1.  1.
  1. -1.  1. -1. -1.  1.]",Bent
"[ 1. -1.  1.  1. -1. -1.  1. -1.  1.  1. -1. -1. -1. -1.  1.  1.  1.  1.
  1. -1.  1. -1. -1.  1.]",Bent
"[ 1. -1.  1.  1. -1. -1.  1. -1.  1.  1. -1. -1. -1. -1.  1.  1.  1.  1.
  1. -1.  1. -1. -1.  1.]",Bent
"[ 1. -1.  1.  1. -1. -1.  1. -1.  1.  1. -1. -1. -1. -1.  1.  1.  1.  1.
  1. -1.  1. -1. -1.  1.]",Bent
"[ 1. -1.  1.  1. -1. -1.  1. -1.  1.  1. -1. -1. -1. -1.  1.  1.  1.  1.
  1. -1.  1. -1. -1.  1.]",Bent
"[ 1. -1.  1.  1. -1. -1.  1. -1.  1.  1. -1. -1. -1. -1.  1.  1.  1.  1.
  1. -1.  1. -1. -1.  1.]",Bent
"[ 1. -1.  1.  1. -1. -1.  1. -1.  1.  1. -1. -1. -1. -1.  1.  1.  1.  1.
  1. -1.  1. -1. -1.  1.]",Bent
"[ 1. -1.  1.  1. -1. -1.  1. -1.  1.  1. -1. -1. -1. -1.  1.  1.  1.  1.
  1. -1.  1. -1. -1.  1.]",Bent
"[ 1. -1.  1.  1. -1. -1.  1. -1.  1.  1. -1. -1. -1. -1.  1.  1.  1.  1.
  1. -1.  1. -1. -1.  1.]",Bent
"[ 1. -1.  1.  1. -1. -1.  1. -1.  1.  1. -1. -1. -1. -1.  1.  1.  1.  1.
  1. -1.  1. -1. -1.  1.]",Bent
"[ 1. -1.  1.  1. -1. -1.  1. -1.  1.  1. -1. -1. -1. -1.  1.  1.  1.  1.
  1. -1.  1. -1. -1.  1.]",Bent
"[ 1. -1.  1.  1. -1. -1.  1. -1.  1.  1. -1. -1. -1. -1.  1.  1.  1.  1.
  1. -1.  1. -1. -1.  1.]",Bent
"[ 1. -1.  1.  1. -1. -1.  1. -1.  1.  1. -1. -1. -1. -1.  1.  1.  1.  1.
  1. -1.  1. -1. -1.  1.]",Bent
"[ 1. -1.  1.  1. -1. -1.  1. -1.  1.  1. -1. -1. -1. -1.  1.  1.  1.  1.
  1. -1.  1. -1. -1.  1.]",Bent
"[ 1.         -1.          0.98799026  1.         -1.         -1.
  1.         -1.          1.          1.         -1.         -1.
 -1.         -1.          1.          1.          1.          1.
  1.         -1.          1.         -1.         -1.          1.        ]",Bent
"[ 1. -1.  1.  1. -1. -1.  1. -1.  1.  1. -1. -1. -1. -1.  1.  1.  1.  1.
  1. -1.  1. -1. -1.  1.]",Bent
"[ 1. -1.  1.  1. -1. -1.  1. -1.  1.  1. -1. -1. -1. -1.  1.  1.  1.  1.
  1. -1.  1. -1. -1.  1.]",Bent
"[ 1. -1.  1.  1. -1. -1.  1. -1.  1.  1. -1. -1. -1. -1.  1.  1.  1.  1.
  1. -1.  1. -1. -1.  1.]",Bent
"[ 1. -1.  1.  1. -1. -1.  1. -1.  1.  1. -1. -1. -1. -1.  1.  1.  1.  1.
  1. -1.  1. -1. -1.  1.]",Bent
"[ 1. -1.  1.  1. -1. -1.  1. -1.  1.  1. -1. -1. -1. -1.  1.  1.  1.  1.
  1. -1.  1. -1. -1.  1.]",Bent
"[ 0.99724704 -1.          0.9999956   0.99657977 -1.         -0.99506915
  1.         -1.          0.994541    1.         -1.         -0.9999979
 -1.         -1.          1.          1.          0.9999999   1.
  1.         -1.          1.         -1.         -1.          0.99736905]",Bent
"[ 1. -1.  1.  1. -1. -1.  1. -1.  1.  1. -1. -1. -1. -1.  1.  1.  1.  1.
  1. -1.  1. -1. -1.  1.]",Bent
"[ 1. -1.  1.  1. -1. -1.  1. -1.  1.  1. -1. -1. -1. -1.  1.  1.  1.  1.
  1. -1.  1. -1. -1.  1.]",Bent
"[ 1. -1.  1.  1. -1. -1.  1. -1.  1.  1. -1. -1. -1. -1.  1.  1.  1.  1.
  1. -1.  1. -1. -1.  1.]",Bent
"[ 1. -1.  1.  1. -1. -1.  1. -1.  1.  1. -1. -1. -1. -1.  1.  1.  1.  1.
  1. -1.  1. -1. -1.  1.]",Bent
"[ 1. -1.  1.  1. -1. -1.  1. -1.  1.  1. -1. -1. -1. -1.  1.  1.  1.  1.
  1. -1.  1. -1. -1.  1.]",Bent
"[ 1. -1.  1.  1. -1. -1.  1. -1.  1.  1. -1. -1. -1. -1.  1.  1.  1.  1.
  1. -1.  1. -1. -1.  1.]",Bent
"[ 1. -1.  1.  1. -1. -1.  1. -1.  1.  1. -1. -1. -1. -1.  1.  1.  1.  1.
  1. -1.  1. -1. -1.  1.]",Bent
"[ 1. -1.  1.  1. -1. -1.  1. -1.  1.  1. -1. -1. -1. -1.  1.  1.  1.  1.
  1. -1.  1. -1. -1.  1.]",Bent
"[ 1. -1.  1.  1. -1. -1.  1. -1.  1.  1. -1. -1. -1. -1.  1.  1.  1.  1.
  1. -1.  1. -1. -1.  1.]",Bent
"[ 1. -1.  1.  1. -1. -1.  1. -1.  1.  1. -1. -1. -1. -1.  1.  1.  1.  1.
  1. -1.  1. -1. -1.  1.]",Bent
"[ 1. -1.  1.  1. -1. -1.  1. -1.  1.  1. -1. -1. -1. -1.  1.  1.  1.  1.
  1. -1.  1. -1. -1.  1.]",Bent
"[ 1. -1.  1.  1. -1. -1.  1. -1.  1.  1. -1. -1. -1. -1.  1.  1.  1.  1.
  1. -1.  1. -1. -1.  1.]",Bent
"[ 1. -1.  1.  1. -1. -1.  1. -1.  1.  1. -1. -1. -1. -1.  1.  1.  1.  1.
  1. -1.  1. -1. -1.  1.]",Bent
"[-1.        -1.        -0.9999975 -1.        -1.         1.
 -1.        -1.        -1.         1.        -1.         1.
 -1.         1.         1.         1.        -1.        -1.
  1.        -1.         1.         1.        -1.        -1.       ]",Bent
"[ 1. -1.  1.  1. -1. -1.  1. -1.  1.  1. -1. -1. -1. -1.  1.  1.  1.  1.
  1. -1.  1. -1. -1.  1.]",Bent
"[ 1. -1.  1.  1. -1. -1.  1. -1.  1.  1. -1. -1. -1. -1.  1.  1.  1.  1.
  1. -1.  1. -1. -1.  1.]",Bent
"[-1. -1. -1. -1. -1.  1. -1. -1. -1.  1. -1.  1. -1.  1.  1.  1. -1. -1.
  1. -1.  1.  1. -1. -1.]",Bent
"[ 1. -1.  1.  1. -1. -1.  1. -1.  1.  1. -1. -1. -1. -1.  1.  1.  1.  1.
  1. -1.  1. -1. -1.  1.]",Bent
"[ 1. -1.  1.  1. -1. -1.  1. -1.  1.  1. -1. -1. -1. -1.  1.  1.  1.  1.
  1. -1.  1. -1. -1.  1.]",Bent
"[ 1. -1.  1.  1. -1. -1.  1. -1.  1.  1. -1. -1. -1. -1.  1.  1.  1.  1.
  1. -1.  1. -1. -1.  1.]",Bent
"[ 1. -1.  1.  1. -1. -1.  1. -1.  1.  1. -1. -1. -1. -1.  1.  1.  1.  1.
  1. -1.  1. -1. -1.  1.]",Bent
"[ 1. -1.  1.  1. -1. -1.  1. -1.  1.  1. -1. -1. -1. -1.  1.  1.  1.  1.
  1. -1.  1. -1. -1.  1.]",Bent
"[ 1. -1.  1.  1. -1. -1.  1. -1.  1.  1. -1. -1. -1. -1.  1.  1.  1.  1.
  1. -1.  1. -1. -1.  1.]",Bent
"[ 1. -1.  1.  1. -1. -1.  1. -1.  1.  1. -1. -1. -1. -1.  1.  1.  1.  1.
  1. -1.  1. -1. -1.  1.]",Bent
"[ 1. -1.  1.  1. -1. -1.  1. -1.  1.  1. -1. -1. -1. -1.  1.  1.  1.  1.
  1. -1.  1. -1. -1.  1.]",Bent
"[ 1. -1.  1.  1. -1. -1.  1. -1.  1.  1. -1. -1. -1. -1.  1.  1.  1.  1.
  1. -1.  1. -1. -1.  1.]",Bent
"[ 1. -1.  1.  1. -1. -1.  1. -1.  1.  1. -1. -1. -1. -1.  1.  1.  1.  1.
  1. -1.  1. -1. -1.  1.]",Bent
"[ 1. -1.  1.  1. -1. -1.  1. -1.  1.  1. -1. -1. -1. -1.  1.  1.  1.  1.
  1. -1.  1. -1. -1.  1.]",Bent
"[ 1. -1.  1.  1. -1. -1.  1. -1.  1.  1. -1. -1. -1. -1.  1.  1.  1.  1.
  1. -1.  1. -1. -1.  1.]",Bent
"[ 1. -1.  1.  1. -1. -1.  1. -1.  1.  1. -1. -1. -1. -1.  1.  1.  1.  1.
  1. -1.  1. -1. -1.  1.]",Bent
"[ 1. -1.  1.  1. -1. -1.  1. -1.  1.  1. -1. -1. -1. -1.  1.  1.  1.  1.
  1. -1.  1. -1. -1.  1.]",Bent
"[ 1. -1.  1.  1. -1. -1.  1. -1.  1.  1. -1. -1. -1. -1.  1.  1.  1.  1.
  1. -1.  1. -1. -1.  1.]",Bent
"[ 1. -1.  1.  1. -1. -1.  1. -1.  1.  1. -1. -1. -1. -1.  1.  1.  1.  1.
  1. -1.  1. -1. -1.  1.]",Bent
"[ 1. -1.  1.  1. -1. -1.  1. -1.  1.  1. -1. -1. -1. -1.  1.  1.  1.  1.
  1. -1.  1. -1. -1.  1.]",Bent
"[ 1. -1.  1.  1. -1. -1.  1. -1.  1.  1. -1. -1. -1. -1.  1.  1.  1.  1.
  1. -1.  1. -1. -1.  1.]",Bent
"[ 1. -1.  1.  1. -1. -1.  1. -1.  1.  1. -1. -1. -1. -1.  1.  1.  1.  1.
  1. -1.  1. -1. -1.  1.]",Bent
"[ 1. -1.  1.  1. -1. -1.  1. -1.  1.  1. -1. -1. -1. -1.  1.  1.  1.  1.
  1. -1.  1. -1. -1.  1.]",Bent
"[ 1. -1.  1.  1. -1. -1.  1. -1.  1.  1. -1. -1. -1. -1.  1.  1.  1.  1.
  1. -1.  1. -1. -1.  1.]",Bent
"[ 1. -1.  1.  1. -1. -1.  1. -1.  1.  1. -1. -1. -1. -1.  1.  1.  1.  1.
  1. -1.  1. -1. -1.  1.]",Bent
"[ 1. -1.  1.  1. -1. -1.  1. -1.  1.  1. -1. -1. -1. -1.  1.  1.  1.  1.
  1. -1.  1. -1. -1.  1.]",Bent
"[ 1. -1.  1.  1. -1. -1.  1. -1.  1.  1. -1. -1. -1. -1.  1.  1.  1.  1.
  1. -1.  1. -1. -1.  1.]",Bent
"[ 1. -1.  1.  1. -1. -1.  1. -1.  1.  1. -1. -1. -1. -1.  1.  1.  1.  1.
  1. -1.  1. -1. -1.  1.]",Bent
"[ 1. -1.  1.  1. -1. -1.  1. -1.  1.  1. -1. -1. -1. -1.  1.  1.  1.  1.
  1. -1.  1. -1. -1.  1.]",Bent
"[ 1. -1.  1.  1. -1. -1.  1. -1.  1.  1. -1. -1. -1. -1.  1.  1.  1.  1.
  1. -1.  1. -1. -1.  1.]",Bent
"[-1. -1. -1. -1. -1.  1. -1. -1. -1.  1. -1.  1. -1.  1.  1.  1. -1. -1.
  1. -1.  1.  1. -1. -1.]",Bent
"[ 1. -1.  1.  1. -1. -1.  1. -1.  1.  1. -1. -1. -1. -1.  1.  1.  1.  1.
  1. -1.  1. -1. -1.  1.]",Bent
"[ 1.         -1.          1.          0.99999994 -1.         -1.
  1.         -1.          1.          1.         -1.         -1.
 -1.         -1.          1.          1.          1.          1.
  1.         -1.          1.         -1.         -1.          0.99999994]",Bent
"[ 1. -1.  1.  1. -1. -1.  1. -1.  1.  1. -1. -1. -1. -1.  1.  1.  1.  1.
  1. -1.  1. -1. -1.  1.]",Bent
"[ 1. -1.  1.  1. -1. -1.  1. -1.  1.  1. -1. -1. -1. -1.  1.  1.  1.  1.
  1. -1.  1. -1. -1.  1.]",Bent
"[ 1. -1.  1.  1. -1. -1.  1. -1.  1.  1. -1. -1. -1. -1.  1.  1.  1.  1.
  1. -1.  1. -1. -1.  1.]",Bent
"[ 1. -1.  1.  1. -1. -1.  1. -1.  1.  1. -1. -1. -1. -1.  1.  1.  1.  1.
  1. -1.  1. -1. -1.  1.]",Bent
"[ 1. -1.  1.  1. -1. -1.  1. -1.  1.  1. -1. -1. -1. -1.  1.  1.  1.  1.
  1. -1.  1. -1. -1.  1.]",Bent
"[ 1. -1.  1.  1. -1. -1.  1. -1.  1.  1. -1. -1. -1. -1.  1.  1.  1.  1.
  1. -1.  1. -1. -1.  1.]",Bent
"[ 1. -1.  1.  1. -1. -1.  1. -1.  1.  1. -1. -1. -1. -1.  1.  1.  1.  1.
  1. -1.  1. -1. -1.  1.]",Bent
"[ 1. -1.  1.  1. -1. -1.  1. -1.  1.  1. -1. -1. -1. -1.  1.  1.  1.  1.
  1. -1.  1. -1. -1.  1.]",Bent
"[-1. -1. -1. -1. -1.  1. -1. -1. -1.  1. -1.  1. -1.  1.  1.  1. -1. -1.
  1. -1.  1.  1. -1. -1.]",Bent
"[ 1. -1.  1.  1. -1. -1.  1. -1.  1.  1. -1. -1. -1. -1.  1.  1.  1.  1.
  1. -1.  1. -1. -1.  1.]",Bent
"[-1. -1. -1. -1. -1.  1. -1. -1. -1.  1. -1.  1. -1.  1.  1.  1. -1. -1.
  1. -1.  1.  1. -1. -1.]",Bent
"[-1.         -1.         -0.9999996  -1.         -1.          1.
 -0.99999994 -1.         -1.          1.         -1.          1.
 -1.          0.99999994  1.          1.         -0.99999994 -0.99999994
  1.         -1.          1.          1.         -1.         -1.        ]",Bent
"[ 1. -1.  1.  1. -1. -1.  1. -1.  1.  1. -1. -1. -1. -1.  1.  1.  1.  1.
  1. -1.  1. -1. -1.  1.]",Bent
"[ 1. -1.  1.  1. -1. -1.  1. -1.  1.  1. -1. -1. -1. -1.  1.  1.  1.  1.
  1. -1.  1. -1. -1.  1.]",Bent
"[ 1. -1.  1.  1. -1. -1.  1. -1.  1.  1. -1. -1. -1. -1.  1.  1.  1.  1.
  1. -1.  1. -1. -1.  1.]",Bent
"[ 1. -1.  1.  1. -1. -1.  1. -1.  1.  1. -1. -1. -1. -1.  1.  1.  1.  1.
  1. -1.  1. -1. -1.  1.]",Bent
"[ 1.  1.  1.  1.  1. -1. -1.  1.  1. -1.  1.  1.  1.  1. -1. -1. -1. -1.
 -1.  1. -1.  1.  1.  1.]",Compact
"[ 1.  1.  1.  1.  1. -1. -1.  1.  1. -1.  1.  1.  1.  1. -1. -1. -1. -1.
 -1.  1. -1.  1.  1.  1.]",Compact
"[-0.9999827   1.          1.         -0.9999766   1.          0.9998765
 -1.          1.         -0.9999678  -1.          1.          1.
  1.          1.         -1.         -1.         -1.         -1.
 -1.          1.         -1.          1.          1.         -0.99995655]",Compact
"[ 1.  1.  1.  1.  1. -1. -1.  1.  1. -1.  1.  1.  1.  1. -1. -1. -1. -1.
 -1.  1. -1.  1.  1.  1.]",Compact
"[ 1.  1.  1.  1.  1. -1. -1.  1.  1. -1.  1.  1.  1.  1. -1. -1. -1. -1.
 -1.  1. -1.  1.  1.  1.]",Compact
"[ 1.  1.  1.  1.  1. -1. -1.  1.  1. -1.  1.  1.  1.  1. -1. -1. -1. -1.
 -1.  1. -1.  1.  1.  1.]",Compact
"[ 1.  1.  1.  1.  1. -1. -1.  1.  1. -1.  1.  1.  1.  1. -1. -1. -1. -1.
 -1.  1. -1.  1.  1.  1.]",Compact
"[ 1.  1.  1.  1.  1. -1. -1.  1.  1. -1.  1.  1.  1.  1. -1. -1. -1. -1.
 -1.  1. -1.  1.  1.  1.]",Compact
"[-0.40530297 -0.8898863   0.537958   -0.750113   -0.99367833  0.23079437
 -1.         -0.9979538  -0.7006271   0.996687   -0.24212721  1.
 -0.99428964  1.          0.9986266   0.10923503 -1.         -1.
  0.8050405  -0.75241053  0.8720881   1.         -0.99595463 -0.76659137]",Compact
"[ 1.  1.  1.  1.  1. -1. -1.  1.  1. -1.  1.  1.  1.  1. -1. -1. -1. -1.
 -1.  1. -1.  1.  1.  1.]",Compact
"[ 1.  1.  1.  1.  1. -1. -1.  1.  1. -1.  1.  1.  1.  1. -1. -1. -1. -1.
 -1.  1. -1.  1.  1.  1.]",Compact
"[ 1.  1.  1.  1.  1. -1. -1.  1.  1. -1.  1.  1.  1.  1. -1. -1. -1. -1.
 -1.  1. -1.  1.  1.  1.]",Compact
"[ 1.  1.  1.  1.  1. -1. -1.  1.  1. -1.  1.  1.  1.  1. -1. -1. -1. -1.
 -1.  1. -1.  1.  1.  1.]",Compact
"[ 1.  1.  1.  1.  1. -1. -1.  1.  1. -1.  1.  1.  1.  1. -1. -1. -1. -1.
 -1.  1. -1.  1.  1.  1.]",Compact
"[ 1.  1.  1.  1.  1. -1. -1.  1.  1. -1.  1.  1.  1.  1. -1. -1. -1. -1.
 -1.  1. -1.  1.  1.  1.]",Compact
"[ 1.  1.  1.  1.  1. -1. -1.  1.  1. -1.  1.  1.  1.  1. -1. -1. -1. -1.
 -1.  1. -1.  1.  1.  1.]",Compact
"[ 1.  1.  1.  1.  1. -1. -1.  1.  1. -1.  1.  1.  1.  1. -1. -1. -1. -1.
 -1.  1. -1.  1.  1.  1.]",Compact
"[ 1.  1.  1.  1.  1. -1. -1.  1.  1. -1.  1.  1.  1.  1. -1. -1. -1. -1.
 -1.  1. -1.  1.  1.  1.]",Compact
"[ 1.  1.  1.  1.  1. -1. -1.  1.  1. -1.  1.  1.  1.  1. -1. -1. -1. -1.
 -1.  1. -1.  1.  1.  1.]",Compact
"[ 1.  1.  1.  1.  1. -1. -1.  1.  1. -1.  1.  1.  1.  1. -1. -1. -1. -1.
 -1.  1. -1.  1.  1.  1.]",Compact
"[ 1.  1.  1.  1.  1. -1. -1.  1.  1. -1.  1.  1.  1.  1. -1. -1. -1. -1.
 -1.  1. -1.  1.  1.  1.]",Compact
"[ 1.  1.  1.  1.  1. -1. -1.  1.  1. -1.  1.  1.  1.  1. -1. -1. -1. -1.
 -1.  1. -1.  1.  1.  1.]",Compact
"[ 1.  1.  1.  1.  1. -1. -1.  1.  1. -1.  1.  1.  1.  1. -1. -1. -1. -1.
 -1.  1. -1.  1.  1.  1.]",Compact
"[ 0.99999994  0.99933696  0.9908832   0.9999996   0.96522623 -0.99999994
 -1.          0.9929181   0.9999998  -0.9939706   0.99997234  1.
  0.98873025  1.         -0.8796625  -0.99991673 -1.         -1.
 -0.9985864   0.9981588  -0.99917185  1.          0.992687    0.99999976]",Compact
"[ 1.  1.  1.  1.  1. -1. -1.  1.  1. -1.  1.  1.  1.  1. -1. -1. -1. -1.
 -1.  1. -1.  1.  1.  1.]",Compact
"[ 1.  1.  1.  1.  1. -1. -1.  1.  1. -1.  1.  1.  1.  1. -1. -1. -1. -1.
 -1.  1. -1.  1.  1.  1.]",Compact
"[ 1.  1.  1.  1.  1. -1. -1.  1.  1. -1.  1.  1.  1.  1. -1. -1. -1. -1.
 -1.  1. -1.  1.  1.  1.]",Compact
"[ 1.  1.  1.  1.  1. -1. -1.  1.  1. -1.  1.  1.  1.  1. -1. -1. -1. -1.
 -1.  1. -1.  1.  1.  1.]",Compact
"[ 1.  1.  1.  1.  1. -1. -1.  1.  1. -1.  1.  1.  1.  1. -1. -1. -1. -1.
 -1.  1. -1.  1.  1.  1.]",Compact
"[ 1.  1.  1.  1.  1. -1. -1.  1.  1. -1.  1.  1.  1.  1. -1. -1. -1. -1.
 -1.  1. -1.  1.  1.  1.]",Compact
"[ 1.  1.  1.  1.  1. -1. -1.  1.  1. -1.  1.  1.  1.  1. -1. -1. -1. -1.
 -1.  1. -1.  1.  1.  1.]",Compact
"[ 1.  1.  1.  1.  1. -1. -1.  1.  1. -1.  1.  1.  1.  1. -1. -1. -1. -1.
 -1.  1. -1.  1.  1.  1.]",Compact
"[ 1.  1.  1.  1.  1. -1. -1.  1.  1. -1.  1.  1.  1.  1. -1. -1. -1. -1.
 -1.  1. -1.  1.  1.  1.]",Compact
"[ 1.  1.  1.  1.  1. -1. -1.  1.  1. -1.  1.  1.  1.  1. -1. -1. -1. -1.
 -1.  1. -1.  1.  1.  1.]",Compact
"[ 1.  1.  1.  1.  1. -1. -1.  1.  1. -1.  1.  1.  1.  1. -1. -1. -1. -1.
 -1.  1. -1.  1.  1.  1.]",Compact
"[ 1.          1.          1.          1.          1.         -1.
 -0.999999    1.          1.         -1.          1.          1.
  1.          0.9999996  -1.         -1.         -0.99999905 -0.99999934
 -1.          1.         -1.          0.99999887  1.          1.        ]",Compact
"[ 1.  1.  1.  1.  1. -1. -1.  1.  1. -1.  1.  1.  1.  1. -1. -1. -1. -1.
 -1.  1. -1.  1.  1.  1.]",Compact
"[ 1.  1.  1.  1.  1. -1. -1.  1.  1. -1.  1.  1.  1.  1. -1. -1. -1. -1.
 -1.  1. -1.  1.  1.  1.]",Compact
"[ 1.  1.  1.  1.  1. -1. -1.  1.  1. -1.  1.  1.  1.  1. -1. -1. -1. -1.
 -1.  1. -1.  1.  1.  1.]",Compact
"[ 1.  1.  1.  1.  1. -1. -1.  1.  1. -1.  1.  1.  1.  1. -1. -1. -1. -1.
 -1.  1. -1.  1.  1.  1.]",Compact
"[ 1.  1.  1.  1.  1. -1. -1.  1.  1. -1.  1.  1.  1.  1. -1. -1. -1. -1.
 -1.  1. -1.  1.  1.  1.]",Compact
"[-0.9994246  -0.9939222  -0.9182579  -0.99936396 -0.9996031   0.9986285
 -1.         -0.9998993  -0.9996346   0.9999337  -0.9838066   1.
 -0.9993491   1.          0.99969935  0.9804209  -1.         -1.
  0.99615014 -0.9962978   0.9912202   1.         -0.9996065  -0.9998912 ]",Compact
"[ 1.          1.          1.          1.          1.         -1.
  0.577973    1.          1.         -1.          1.          1.
  1.         -0.11550719 -1.         -1.          0.7678849   0.7826521
 -1.          1.         -1.         -0.20002021  1.          1.        ]",Compact
"[ 1.  1.  1.  1.  1. -1. -1.  1.  1. -1.  1.  1.  1.  1. -1. -1. -1. -1.
 -1.  1. -1.  1.  1.  1.]",Compact
"[ 1.  1.  1.  1.  1. -1.  1.  1.  1. -1.  1.  1.  1. -1. -1. -1.  1.  1.
 -1.  1. -1. -1.  1.  1.]",Compact
"[ 1.  1.  1.  1.  1. -1. -1.  1.  1. -1.  1.  1.  1.  1. -1. -1. -1. -1.
 -1.  1. -1.  1.  1.  1.]",Compact
"[ 1.  1.  1.  1.  1. -1. -1.  1.  1. -1.  1.  1.  1.  1. -1. -1. -1. -1.
 -1.  1. -1.  1.  1.  1.]",Compact
"[ 1.  1.  1.  1.  1. -1. -1.  1.  1. -1.  1.  1.  1.  1. -1. -1. -1. -1.
 -1.  1. -1.  1.  1.  1.]",Compact
"[ 1.  1.  1.  1.  1. -1. -1.  1.  1. -1.  1.  1.  1.  1. -1. -1. -1. -1.
 -1.  1. -1.  1.  1.  1.]",Compact
"[ 1.  1.  1.  1.  1. -1. -1.  1.  1. -1.  1.  1.  1.  1. -1. -1. -1. -1.
 -1.  1. -1.  1.  1.  1.]",Compact
"[ 1.  1.  1.  1.  1. -1. -1.  1.  1. -1.  1.  1.  1.  1. -1. -1. -1. -1.
 -1.  1. -1.  1.  1.  1.]",Compact
"[ 1.  1.  1.  1.  1. -1. -1.  1.  1. -1.  1.  1.  1.  1. -1. -1. -1. -1.
 -1.  1. -1.  1.  1.  1.]",Compact
"[ 1.  1.  1.  1.  1. -1. -1.  1.  1. -1.  1.  1.  1.  1. -1. -1. -1. -1.
 -1.  1. -1.  1.  1.  1.]",Compact
"[ 1.  1.  1.  1.  1. -1. -1.  1.  1. -1.  1.  1.  1.  1. -1. -1. -1. -1.
 -1.  1. -1.  1.  1.  1.]",Compact
"[ 1.  1.  1.  1.  1. -1. -1.  1.  1. -1.  1.  1.  1.  1. -1. -1. -1. -1.
 -1.  1. -1.  1.  1.  1.]",Compact
"[ 1.  1.  1.  1.  1. -1. -1.  1.  1. -1.  1.  1.  1.  1. -1. -1. -1. -1.
 -1.  1. -1.  1.  1.  1.]",Compact
"[ 0.61473745  1.          1.          0.37413818  1.         -0.8912186
 -0.9763567   1.         -0.22784707 -1.          1.          1.
  1.          0.9959705  -1.         -1.         -0.97162175 -0.9866033
 -1.          1.         -1.          0.990174    1.          0.3548074 ]",Compact
"[ 1.          1.          1.          1.          1.         -1.
 -0.99987966  1.          1.         -1.          1.          1.
  1.          0.99997807 -1.         -1.         -0.999878   -0.9999005
 -1.          1.         -1.          0.9999683   1.          1.        ]",Compact
"[ 1.  1.  1.  1.  1. -1. -1.  1.  1. -1.  1.  1.  1.  1. -1. -1. -1. -1.
 -1.  1. -1.  1.  1.  1.]",Compact
"[ 1.  1.  1.  1.  1. -1. -1.  1.  1. -1.  1.  1.  1.  1. -1. -1. -1. -1.
 -1.  1. -1.  1.  1.  1.]",Compact
"[-1.          0.99557     0.99999946 -0.99999994  0.79066527  0.99999964
 -1.          0.69121987 -1.         -0.83712393  0.99907625  1.
  0.9970088   1.          0.92774695 -0.99969953 -1.         -1.
 -0.9952181   0.99996483 -0.79781747  1.          0.9691167  -1.        ]",Compact
"[-1.          1.          0.9998358  -1.          0.99999976  1.
 -1.          1.         -1.         -0.99999994  1.          1.
  0.99999976  1.         -0.99999577 -1.         -1.         -1.
 -1.          1.         -0.99999994  1.          0.99999964 -1.        ]",Compact
"[ 1.  1.  1.  1.  1. -1. -1.  1.  1. -1.  1.  1.  1.  1. -1. -1. -1. -1.
 -1.  1. -1.  1.  1.  1.]",Compact
"[ 1.  1.  1.  1.  1. -1. -1.  1.  1. -1.  1.  1.  1.  1. -1. -1. -1. -1.
 -1.  1. -1.  1.  1.  1.]",Compact
"[ 1.  1.  1.  1.  1. -1. -1.  1.  1. -1.  1.  1.  1.  1. -1. -1. -1. -1.
 -1.  1. -1.  1.  1.  1.]",Compact
"[ 1.  1.  1.  1.  1. -1. -1.  1.  1. -1.  1.  1.  1.  1. -1. -1. -1. -1.
 -1.  1. -1.  1.  1.  1.]",Compact
"[ 1.  1.  1.  1.  1. -1. -1.  1.  1. -1.  1.  1.  1.  1. -1. -1. -1. -1.
 -1.  1. -1.  1.  1.  1.]",Compact
"[ 1.         1.         0.9998839  1.         1.        -1.
 -1.         1.         1.        -1.         1.         1.
  1.         1.        -1.        -1.        -1.        -1.
 -1.         1.        -1.         1.         1.         1.       ]",Compact
"[ 1.  1.  1.  1.  1. -1. -1.  1.  1. -1.  1.  1.  1.  1. -1. -1. -1. -1.
 -1.  1. -1.  1.  1.  1.]",Compact
"[ 1.  1.  1.  1.  1. -1. -1.  1.  1. -1.  1.  1.  1.  1. -1. -1. -1. -1.
 -1.  1. -1.  1.  1.  1.]",Compact
"[ 1.  1.  1.  1.  1. -1. -1.  1.  1. -1.  1.  1.  1.  1. -1. -1. -1. -1.
 -1.  1. -1.  1.  1.  1.]",Compact
"[ 1.          1.          1.          1.          1.         -1.
 -0.9999999   1.          1.         -1.          1.          1.
  1.          0.99999994 -1.         -1.         -0.9999998  -0.9999999
 -1.          1.         -1.          0.99999976  1.          1.        ]",Compact
"[ 1.  1.  1.  1.  1. -1. -1.  1.  1. -1.  1.  1.  1.  1. -1. -1. -1. -1.
 -1.  1. -1.  1.  1.  1.]",Compact
"[ 1.  1.  1.  1.  1. -1. -1.  1.  1. -1.  1.  1.  1.  1. -1. -1. -1. -1.
 -1.  1. -1.  1.  1.  1.]",Compact
"[ 1.          1.          1.          1.          1.         -1.
 -0.9999989   1.          1.         -1.          1.          1.
  1.          0.9999996  -1.         -1.         -0.9999994  -0.99999934
 -1.          1.         -1.          0.999999    1.          1.        ]",Compact
"[-1.         1.         1.        -1.         1.         1.
 -0.9891877  1.        -1.        -1.         1.         1.
  1.         0.9979925 -1.        -1.        -0.9366611 -0.9832916
 -1.         1.        -1.         0.9945145  1.        -1.       ]",Compact
"[ 1.  1.  1.  1.  1. -1. -1.  1.  1. -1.  1.  1.  1.  1. -1. -1. -1. -1.
 -1.  1. -1.  1.  1.  1.]",Compact
"[ 1.  1.  1.  1.  1. -1. -1.  1.  1. -1.  1.  1.  1.  1. -1. -1. -1. -1.
 -1.  1. -1.  1.  1.  1.]",Compact
"[ 1.  1.  1.  1.  1. -1. -1.  1.  1. -1.  1.  1.  1.  1. -1. -1. -1. -1.
 -1.  1. -1.  1.  1.  1.]",Compact
"[ 1.  1.  1.  1.  1. -1. -1.  1.  1. -1.  1.  1.  1.  1. -1. -1. -1. -1.
 -1.  1. -1.  1.  1.  1.]",Compact
"[ 0.9999879   1.          1.          0.99997556  1.         -0.99999857
 -1.          1.          0.9999708  -1.          1.          1.
  1.          1.         -1.         -1.         -1.         -1.
 -1.          1.         -1.          1.          1.          0.9999789 ]",Compact
"[ 1.  1.  1.  1.  1. -1. -1.  1.  1. -1.  1.  1.  1.  1. -1. -1. -1. -1.
 -1.  1. -1.  1.  1.  1.]",Compact
"[-1.  1.  1. -1.  1.  1.  1.  1. -1. -1.  1.  1.  1. -1. -1. -1.  1.  1.
 -1.  1. -1. -1.  1. -1.]",Compact
"[ 1.  1.  1.  1.  1. -1. -1.  1.  1. -1.  1.  1.  1.  1. -1. -1. -1. -1.
 -1.  1. -1.  1.  1.  1.]",Compact
"[ 1.  1.  1.  1.  1. -1. -1.  1.  1. -1.  1.  1.  1.  1. -1. -1. -1. -1.
 -1.  1. -1.  1.  1.  1.]",Compact
"[ 1.  1.  1.  1.  1. -1. -1.  1.  1. -1.  1.  1.  1.  1. -1. -1. -1. -1.
 -1.  1. -1.  1.  1.  1.]",Compact
"[ 1.  1.  1.  1.  1. -1. -1.  1.  1. -1.  1.  1.  1.  1. -1. -1. -1. -1.
 -1.  1. -1.  1.  1.  1.]",Compact
"[ 1.  1.  1.  1.  1. -1. -1.  1.  1. -1.  1.  1.  1.  1. -1. -1. -1. -1.
 -1.  1. -1.  1.  1.  1.]",Compact
"[ 1.  1.  1.  1.  1. -1. -1.  1.  1. -1.  1.  1.  1.  1. -1. -1. -1. -1.
 -1.  1. -1.  1.  1.  1.]",Compact
"[ 1.  1.  1.  1.  1. -1. -1.  1.  1. -1.  1.  1.  1.  1. -1. -1. -1. -1.
 -1.  1. -1.  1.  1.  1.]",Compact
"[ 1.          1.          1.          1.          1.         -1.
 -0.9999992   1.          1.         -1.          1.          1.
  1.          0.99999976 -1.         -1.         -0.9999988  -0.99999946
 -1.          1.         -1.          0.99999887  1.          1.        ]",Compact
"[-1.        -1.        -0.9999993 -1.        -1.         1.
 -1.        -1.        -1.         1.        -1.         1.
 -1.         1.         1.         1.        -1.        -1.
  1.        -1.         1.         1.        -1.        -1.       ]",Compact
"[ 1.  1.  1.  1.  1. -1. -1.  1.  1. -1.  1.  1.  1.  1. -1. -1. -1. -1.
 -1.  1. -1.  1.  1.  1.]",Compact
"[ 1.  1.  1.  1.  1. -1. -1.  1.  1. -1.  1.  1.  1.  1. -1. -1. -1. -1.
 -1.  1. -1.  1.  1.  1.]",Compact
"[ 1.  1.  1.  1.  1. -1. -1.  1.  1. -1.  1.  1.  1.  1. -1. -1. -1. -1.
 -1.  1. -1.  1.  1.  1.]",Compact
"[ 1.  1.  1.  1.  1. -1. -1.  1.  1. -1.  1.  1.  1.  1. -1. -1. -1. -1.
 -1.  1. -1.  1.  1.  1.]",Compact
"[ 1.  1.  1.  1.  1. -1. -1.  1.  1. -1.  1.  1.  1.  1. -1. -1. -1. -1.
 -1.  1. -1.  1.  1.  1.]",Compact
"[ 1.  1.  1.  1.  1. -1. -1.  1.  1. -1.  1.  1.  1.  1. -1. -1. -1. -1.
 -1.  1. -1.  1.  1.  1.]",Compact
"[ 1.  1.  1.  1.  1. -1. -1.  1.  1. -1.  1.  1.  1.  1. -1. -1. -1. -1.
 -1.  1. -1.  1.  1.  1.]",Compact
"[ 1.  1.  1.  1.  1. -1. -1.  1.  1. -1.  1.  1.  1.  1. -1. -1. -1. -1.
 -1.  1. -1.  1.  1.  1.]",Compact
