predictions,label_code,lable_name
"[np.float32(-1.0), np.float32(-1.0), np.float32(1.0), np.float32(1.0), np.float32(1.0), np.float32(1.0), np.float32(1.0), np.float32(-1.0)]",0,FR1
"[np.float32(-1.0), np.float32(-1.0), np.float32(1.0), np.float32(1.0), np.float32(1.0), np.float32(1.0), np.float32(1.0), np.float32(-1.0)]",0,FR1
"[np.float32(-1.0), np.float32(-1.0), np.float32(1.0), np.float32(1.0), np.float32(1.0), np.float32(1.0), np.float32(1.0), np.float32(-1.0)]",0,FR1
"[np.float32(-1.0), np.float32(-1.0), np.float32(1.0), np.float32(1.0), np.float32(1.0), np.float32(1.0), np.float32(1.0), np.float32(-1.0)]",0,FR1
"[np.float32(-1.0), np.float32(-1.0), np.float32(1.0), np.float32(1.0), np.float32(1.0), np.float32(1.0), np.float32(1.0), np.float32(-1.0)]",0,FR1
"[np.float32(-1.0), np.float32(-1.0), np.float32(1.0), np.float32(1.0), np.float32(1.0), np.float32(1.0), np.float32(1.0), np.float32(-1.0)]",0,FR1
"[np.float32(-0.9999934), np.float32(-0.9999707), np.float32(0.99997246), np.float32(0.99999386), np.float32(0.9999934), np.float32(0.99999285), np.float32(0.99999595), np.float32(-0.9999617)]",0,FR1
"[np.float32(-1.0), np.float32(-1.0), np.float32(1.0), np.float32(1.0), np.float32(1.0), np.float32(1.0), np.float32(1.0), np.float32(-1.0)]",0,FR1
"[np.float32(-1.0), np.float32(-1.0), np.float32(1.0), np.float32(1.0), np.float32(1.0), np.float32(1.0), np.float32(1.0), np.float32(-1.0)]",0,FR1
"[np.float32(-1.0), np.float32(-1.0), np.float32(1.0), np.float32(1.0), np.float32(1.0), np.float32(1.0), np.float32(1.0), np.float32(-1.0)]",0,FR1
"[np.float32(-1.0), np.float32(-1.0), np.float32(1.0), np.float32(1.0), np.float32(1.0), np.float32(1.0), np.float32(1.0), np.float32(-1.0)]",0,FR1
"[np.float32(-1.0), np.float32(-1.0), np.float32(1.0), np.float32(1.0), np.float32(1.0), np.float32(1.0), np.float32(1.0), np.float32(-1.0)]",0,FR1
"[np.float32(-1.0), np.float32(-1.0), np.float32(1.0), np.float32(1.0), np.float32(1.0), np.float32(1.0), np.float32(1.0), np.float32(-1.0)]",0,FR1
"[np.float32(-0.99975663), np.float32(-0.9990818), np.float32(0.9999654), np.float32(0.99980813), np.float32(0.9999543), np.float32(0.99959445), np.float32(0.9997765), np.float32(-0.9998724)]",0,FR1
"[np.float32(-1.0), np.float32(-1.0), np.float32(1.0), np.float32(1.0), np.float32(1.0), np.float32(1.0), np.float32(1.0), np.float32(-1.0)]",0,FR1
"[np.float32(-1.0), np.float32(-1.0), np.float32(1.0), np.float32(1.0), np.float32(1.0), np.float32(1.0), np.float32(1.0), np.float32(-1.0)]",0,FR1
"[np.float32(-1.0), np.float32(-1.0), np.float32(1.0), np.float32(1.0), np.float32(1.0), np.float32(1.0), np.float32(1.0), np.float32(-1.0)]",0,FR1
"[np.float32(-1.0), np.float32(-1.0), np.float32(1.0), np.float32(1.0), np.float32(1.0), np.float32(1.0), np.float32(1.0), np.float32(-1.0)]",0,FR1
"[np.float32(-1.0), np.float32(-1.0), np.float32(1.0), np.float32(1.0), np.float32(1.0), np.float32(1.0), np.float32(1.0), np.float32(-1.0)]",0,FR1
"[np.float32(-1.0), np.float32(-1.0), np.float32(1.0), np.float32(1.0), np.float32(1.0), np.float32(1.0), np.float32(1.0), np.float32(-1.0)]",0,FR1
"[np.float32(-1.0), np.float32(-1.0), np.float32(1.0), np.float32(1.0), np.float32(1.0), np.float32(1.0), np.float32(1.0), np.float32(-1.0)]",0,FR1
"[np.float32(-1.0), np.float32(-1.0), np.float32(1.0), np.float32(1.0), np.float32(1.0), np.float32(1.0), np.float32(1.0), np.float32(-1.0)]",0,FR1
"[np.float32(-1.0), np.float32(-1.0), np.float32(1.0), np.float32(1.0), np.float32(1.0), np.float32(1.0), np.float32(1.0), np.float32(-1.0)]",0,FR1
"[np.float32(-1.0), np.float32(-1.0), np.float32(1.0), np.float32(1.0), np.float32(1.0), np.float32(1.0), np.float32(1.0), np.float32(-1.0)]",0,FR1
"[np.float32(-1.0), np.float32(-1.0), np.float32(1.0), np.float32(1.0), np.float32(1.0), np.float32(1.0), np.float32(1.0), np.float32(-1.0)]",0,FR1
"[np.float32(-1.0), np.float32(-1.0), np.float32(1.0), np.float32(1.0), np.float32(1.0), np.float32(1.0), np.float32(1.0), np.float32(-1.0)]",0,FR1
"[np.float32(-1.0), np.float32(-1.0), np.float32(1.0), np.float32(1.0), np.float32(1.0), np.float32(1.0), np.float32(1.0), np.float32(-1.0)]",0,FR1
"[np.float32(-1.0), np.float32(-1.0), np.float32(1.0), np.float32(1.0), np.float32(1.0), np.float32(1.0), np.float32(1.0), np.float32(-1.0)]",0,FR1
"[np.float32(-1.0), np.float32(-1.0), np.float32(1.0), np.float32(1.0), np.float32(1.0), np.float32(1.0), np.float32(1.0), np.float32(-1.0)]",0,FR1
"[np.float32(-1.0), np.float32(-1.0), np.float32(1.0), np.float32(1.0), np.float32(1.0), np.float32(1.0), np.float32(1.0), np.float32(-1.0)]",0,FR1
"[np.float32(-1.0), np.float32(-1.0), np.float32(1.0), np.float32(1.0), np.float32(1.0), np.float32(1.0), np.float32(1.0), np.float32(-1.0)]",0,FR1
"[np.float32(-1.0), np.float32(-1.0), np.float32(1.0), np.float32(1.0), np.float32(1.0), np.float32(1.0), np.float32(1.0), np.float32(-1.0)]",0,FR1
"[np.float32(-1.0), np.float32(-1.0), np.float32(1.0), np.float32(1.0), np.float32(1.0), np.float32(1.0), np.float32(1.0), np.float32(-1.0)]",0,FR1
"[np.float32(-1.0), np.float32(-1.0), np.float32(1.0), np.float32(1.0), np.float32(1.0), np.float32(1.0), np.float32(1.0), np.float32(-1.0)]",0,FR1
"[np.float32(1.0), np.float32(1.0), np.float32(-1.0), np.float32(-1.0), np.float32(-1.0), np.float32(-1.0), np.float32(-1.0), np.float32(1.0)]",0,FR1
"[np.float32(-1.0), np.float32(-1.0), np.float32(1.0), np.float32(1.0), np.float32(1.0), np.float32(1.0), np.float32(1.0), np.float32(-1.0)]",0,FR1
"[np.float32(-1.0), np.float32(-1.0), np.float32(1.0), np.float32(1.0), np.float32(1.0), np.float32(1.0), np.float32(1.0), np.float32(-1.0)]",0,FR1
"[np.float32(-1.0), np.float32(-1.0), np.float32(1.0), np.float32(1.0), np.float32(1.0), np.float32(1.0), np.float32(1.0), np.float32(-1.0)]",0,FR1
"[np.float32(-1.0), np.float32(-1.0), np.float32(1.0), np.float32(1.0), np.float32(1.0), np.float32(1.0), np.float32(1.0), np.float32(-1.0)]",0,FR1
"[np.float32(-1.0), np.float32(-1.0), np.float32(1.0), np.float32(1.0), np.float32(1.0), np.float32(1.0), np.float32(1.0), np.float32(-1.0)]",0,FR1
"[np.float32(-1.0), np.float32(-1.0), np.float32(1.0), np.float32(1.0), np.float32(1.0), np.float32(1.0), np.float32(1.0), np.float32(-1.0)]",0,FR1
"[np.float32(-1.0), np.float32(-1.0), np.float32(1.0), np.float32(1.0), np.float32(1.0), np.float32(1.0), np.float32(1.0), np.float32(-1.0)]",0,FR1
"[np.float32(-1.0), np.float32(-1.0), np.float32(1.0), np.float32(1.0), np.float32(1.0), np.float32(1.0), np.float32(1.0), np.float32(-1.0)]",0,FR1
"[np.float32(-1.0), np.float32(-1.0), np.float32(1.0), np.float32(1.0), np.float32(1.0), np.float32(1.0), np.float32(1.0), np.float32(-1.0)]",0,FR1
"[np.float32(-1.0), np.float32(-1.0), np.float32(1.0), np.float32(1.0), np.float32(1.0), np.float32(1.0), np.float32(1.0), np.float32(-1.0)]",0,FR1
"[np.float32(-1.0), np.float32(-1.0), np.float32(1.0), np.float32(1.0), np.float32(1.0), np.float32(1.0), np.float32(1.0), np.float32(-1.0)]",0,FR1
"[np.float32(-1.0), np.float32(-1.0), np.float32(1.0), np.float32(1.0), np.float32(1.0), np.float32(1.0), np.float32(1.0), np.float32(-1.0)]",0,FR1
"[np.float32(-1.0), np.float32(-1.0), np.float32(1.0), np.float32(1.0), np.float32(1.0), np.float32(1.0), np.float32(1.0), np.float32(-1.0)]",0,FR1
"[np.float32(-1.0), np.float32(-1.0), np.float32(1.0), np.float32(1.0), np.float32(1.0), np.float32(1.0), np.float32(1.0), np.float32(-1.0)]",0,FR1
"[np.float32(-1.0), np.float32(-1.0), np.float32(1.0), np.float32(1.0), np.float32(1.0), np.float32(1.0), np.float32(1.0), np.float32(-1.0)]",0,FR1
"[np.float32(-1.0), np.float32(-1.0), np.float32(1.0), np.float32(1.0), np.float32(1.0), np.float32(1.0), np.float32(1.0), np.float32(-1.0)]",0,FR1
"[np.float32(-0.95113665), np.float32(-0.8416427), np.float32(0.99272156), np.float32(0.98282176), np.float32(0.99165004), np.float32(0.7309023), np.float32(0.9251726), np.float32(-0.9851411)]",0,FR1
"[np.float32(-1.0), np.float32(-1.0), np.float32(1.0), np.float32(1.0), np.float32(1.0), np.float32(1.0), np.float32(1.0), np.float32(-1.0)]",0,FR1
"[np.float32(-1.0), np.float32(-1.0), np.float32(1.0), np.float32(1.0), np.float32(1.0), np.float32(1.0), np.float32(1.0), np.float32(-1.0)]",0,FR1
"[np.float32(-1.0), np.float32(-1.0), np.float32(1.0), np.float32(1.0), np.float32(1.0), np.float32(1.0), np.float32(1.0), np.float32(-1.0)]",0,FR1
"[np.float32(0.9999798), np.float32(0.9999979), np.float32(-0.99994695), np.float32(-0.999902), np.float32(-0.9998565), np.float32(-0.9999674), np.float32(-0.99997425), np.float32(0.99996495)]",0,FR1
"[np.float32(-1.0), np.float32(-1.0), np.float32(1.0), np.float32(1.0), np.float32(1.0), np.float32(1.0), np.float32(1.0), np.float32(-1.0)]",0,FR1
"[np.float32(-1.0), np.float32(-1.0), np.float32(1.0), np.float32(1.0), np.float32(1.0), np.float32(1.0), np.float32(1.0), np.float32(-1.0)]",0,FR1
"[np.float32(-1.0), np.float32(-1.0), np.float32(1.0), np.float32(1.0), np.float32(1.0), np.float32(1.0), np.float32(1.0), np.float32(-1.0)]",0,FR1
"[np.float32(1.0), np.float32(1.0), np.float32(-1.0), np.float32(-1.0), np.float32(-1.0), np.float32(-1.0), np.float32(-1.0), np.float32(1.0)]",0,FR1
"[np.float32(-1.0), np.float32(-1.0), np.float32(1.0), np.float32(1.0), np.float32(1.0), np.float32(1.0), np.float32(1.0), np.float32(-1.0)]",0,FR1
"[np.float32(-1.0), np.float32(-1.0), np.float32(1.0), np.float32(1.0), np.float32(1.0), np.float32(1.0), np.float32(1.0), np.float32(-1.0)]",0,FR1
"[np.float32(-1.0), np.float32(-1.0), np.float32(1.0), np.float32(1.0), np.float32(1.0), np.float32(1.0), np.float32(1.0), np.float32(-1.0)]",0,FR1
"[np.float32(-1.0), np.float32(-1.0), np.float32(1.0), np.float32(1.0), np.float32(1.0), np.float32(1.0), np.float32(1.0), np.float32(-1.0)]",0,FR1
"[np.float32(-1.0), np.float32(-1.0), np.float32(1.0), np.float32(1.0), np.float32(1.0), np.float32(1.0), np.float32(1.0), np.float32(-1.0)]",0,FR1
"[np.float32(-1.0), np.float32(-1.0), np.float32(1.0), np.float32(1.0), np.float32(1.0), np.float32(1.0), np.float32(1.0), np.float32(-1.0)]",0,FR1
"[np.float32(-1.0), np.float32(-1.0), np.float32(1.0), np.float32(1.0), np.float32(1.0), np.float32(1.0), np.float32(1.0), np.float32(-1.0)]",0,FR1
"[np.float32(-1.0), np.float32(-1.0), np.float32(1.0), np.float32(1.0), np.float32(1.0), np.float32(1.0), np.float32(1.0), np.float32(-1.0)]",0,FR1
"[np.float32(-1.0), np.float32(-1.0), np.float32(1.0), np.float32(1.0), np.float32(1.0), np.float32(1.0), np.float32(1.0), np.float32(-1.0)]",0,FR1
"[np.float32(-1.0), np.float32(-1.0), np.float32(1.0), np.float32(1.0), np.float32(1.0), np.float32(1.0), np.float32(1.0), np.float32(-1.0)]",0,FR1
"[np.float32(-1.0), np.float32(-1.0), np.float32(1.0), np.float32(1.0), np.float32(1.0), np.float32(1.0), np.float32(1.0), np.float32(-1.0)]",0,FR1
"[np.float32(-1.0), np.float32(-1.0), np.float32(1.0), np.float32(1.0), np.float32(1.0), np.float32(1.0), np.float32(1.0), np.float32(-1.0)]",0,FR1
"[np.float32(-1.0), np.float32(-1.0), np.float32(1.0), np.float32(1.0), np.float32(1.0), np.float32(1.0), np.float32(1.0), np.float32(-1.0)]",0,FR1
"[np.float32(-1.0), np.float32(-1.0), np.float32(1.0), np.float32(1.0), np.float32(1.0), np.float32(1.0), np.float32(1.0), np.float32(-1.0)]",0,FR1
"[np.float32(-1.0), np.float32(-1.0), np.float32(1.0), np.float32(1.0), np.float32(1.0), np.float32(1.0), np.float32(1.0), np.float32(-1.0)]",0,FR1
"[np.float32(-1.0), np.float32(-1.0), np.float32(1.0), np.float32(1.0), np.float32(1.0), np.float32(1.0), np.float32(1.0), np.float32(-1.0)]",0,FR1
"[np.float32(-1.0), np.float32(-1.0), np.float32(1.0), np.float32(1.0), np.float32(1.0), np.float32(1.0), np.float32(1.0), np.float32(-1.0)]",0,FR1
"[np.float32(-1.0), np.float32(-1.0), np.float32(1.0), np.float32(1.0), np.float32(1.0), np.float32(1.0), np.float32(1.0), np.float32(-1.0)]",0,FR1
"[np.float32(-1.0), np.float32(-1.0), np.float32(1.0), np.float32(1.0), np.float32(1.0), np.float32(1.0), np.float32(1.0), np.float32(-1.0)]",0,FR1
"[np.float32(-1.0), np.float32(-1.0), np.float32(1.0), np.float32(1.0), np.float32(1.0), np.float32(1.0), np.float32(1.0), np.float32(-1.0)]",0,FR1
"[np.float32(-1.0), np.float32(-1.0), np.float32(1.0), np.float32(1.0), np.float32(1.0), np.float32(1.0), np.float32(1.0), np.float32(-1.0)]",0,FR1
"[np.float32(-1.0), np.float32(-1.0), np.float32(1.0), np.float32(1.0), np.float32(1.0), np.float32(1.0), np.float32(1.0), np.float32(-1.0)]",0,FR1
"[np.float32(-1.0), np.float32(-1.0), np.float32(1.0), np.float32(1.0), np.float32(1.0), np.float32(1.0), np.float32(1.0), np.float32(-1.0)]",0,FR1
"[np.float32(-1.0), np.float32(-1.0), np.float32(1.0), np.float32(1.0), np.float32(1.0), np.float32(1.0), np.float32(1.0), np.float32(-1.0)]",0,FR1
"[np.float32(-1.0), np.float32(-1.0), np.float32(1.0), np.float32(1.0), np.float32(1.0), np.float32(1.0), np.float32(1.0), np.float32(-1.0)]",0,FR1
"[np.float32(1.0), np.float32(1.0), np.float32(-1.0), np.float32(-1.0), np.float32(-1.0), np.float32(-1.0), np.float32(-1.0), np.float32(1.0)]",0,FR1
"[np.float32(-1.0), np.float32(-1.0), np.float32(1.0), np.float32(1.0), np.float32(1.0), np.float32(1.0), np.float32(1.0), np.float32(-1.0)]",0,FR1
"[np.float32(-1.0), np.float32(-1.0), np.float32(1.0), np.float32(1.0), np.float32(1.0), np.float32(1.0), np.float32(1.0), np.float32(-1.0)]",0,FR1
"[np.float32(-1.0), np.float32(-1.0), np.float32(1.0), np.float32(1.0), np.float32(1.0), np.float32(1.0), np.float32(1.0), np.float32(-1.0)]",0,FR1
"[np.float32(-1.0), np.float32(-1.0), np.float32(1.0), np.float32(1.0), np.float32(1.0), np.float32(1.0), np.float32(1.0), np.float32(-1.0)]",0,FR1
"[np.float32(-1.0), np.float32(-1.0), np.float32(1.0), np.float32(1.0), np.float32(1.0), np.float32(1.0), np.float32(1.0), np.float32(-1.0)]",0,FR1
"[np.float32(-1.0), np.float32(-1.0), np.float32(1.0), np.float32(1.0), np.float32(1.0), np.float32(1.0), np.float32(1.0), np.float32(-1.0)]",0,FR1
"[np.float32(-1.0), np.float32(-1.0), np.float32(1.0), np.float32(1.0), np.float32(1.0), np.float32(1.0), np.float32(1.0), np.float32(-1.0)]",0,FR1
"[np.float32(-1.0), np.float32(-1.0), np.float32(1.0), np.float32(1.0), np.float32(1.0), np.float32(1.0), np.float32(1.0), np.float32(-1.0)]",0,FR1
"[np.float32(-1.0), np.float32(-1.0), np.float32(1.0), np.float32(1.0), np.float32(1.0), np.float32(1.0), np.float32(1.0), np.float32(-1.0)]",0,FR1
"[np.float32(-1.0), np.float32(-1.0), np.float32(1.0), np.float32(1.0), np.float32(1.0), np.float32(1.0), np.float32(1.0), np.float32(-1.0)]",0,FR1
"[np.float32(-1.0), np.float32(-1.0), np.float32(1.0), np.float32(1.0), np.float32(1.0), np.float32(1.0), np.float32(1.0), np.float32(-1.0)]",0,FR1
"[np.float32(-1.0), np.float32(-1.0), np.float32(1.0), np.float32(1.0), np.float32(1.0), np.float32(1.0), np.float32(1.0), np.float32(-1.0)]",0,FR1
"[np.float32(-1.0), np.float32(-1.0), np.float32(1.0), np.float32(1.0), np.float32(1.0), np.float32(1.0), np.float32(1.0), np.float32(-1.0)]",0,FR1
"[np.float32(-1.0), np.float32(-1.0), np.float32(1.0), np.float32(1.0), np.float32(1.0), np.float32(1.0), np.float32(1.0), np.float32(-1.0)]",0,FR1
"[np.float32(1.0), np.float32(1.0), np.float32(-1.0), np.float32(-1.0), np.float32(-1.0), np.float32(-1.0), np.float32(-1.0), np.float32(1.0)]",1,FR2
"[np.float32(1.0), np.float32(1.0), np.float32(-1.0), np.float32(-1.0), np.float32(-1.0), np.float32(-1.0), np.float32(-1.0), np.float32(1.0)]",1,FR2
"[np.float32(1.0), np.float32(1.0), np.float32(-1.0), np.float32(-1.0), np.float32(-1.0), np.float32(-1.0), np.float32(-1.0), np.float32(1.0)]",1,FR2
"[np.float32(1.0), np.float32(1.0), np.float32(-1.0), np.float32(-1.0), np.float32(-1.0), np.float32(-1.0), np.float32(-1.0), np.float32(1.0)]",1,FR2
"[np.float32(1.0), np.float32(1.0), np.float32(-1.0), np.float32(-1.0), np.float32(-1.0), np.float32(-1.0), np.float32(-1.0), np.float32(1.0)]",1,FR2
"[np.float32(1.0), np.float32(1.0), np.float32(-1.0), np.float32(-1.0), np.float32(-1.0), np.float32(-1.0), np.float32(-1.0), np.float32(1.0)]",1,FR2
"[np.float32(1.0), np.float32(1.0), np.float32(-1.0), np.float32(-1.0), np.float32(-1.0), np.float32(-1.0), np.float32(-1.0), np.float32(1.0)]",1,FR2
"[np.float32(1.0), np.float32(1.0), np.float32(-1.0), np.float32(-1.0), np.float32(-1.0), np.float32(-1.0), np.float32(-1.0), np.float32(1.0)]",1,FR2
"[np.float32(1.0), np.float32(1.0), np.float32(-1.0), np.float32(-1.0), np.float32(-1.0), np.float32(-1.0), np.float32(-1.0), np.float32(1.0)]",1,FR2
"[np.float32(1.0), np.float32(1.0), np.float32(-1.0), np.float32(-1.0), np.float32(-1.0), np.float32(-1.0), np.float32(-1.0), np.float32(1.0)]",1,FR2
"[np.float32(1.0), np.float32(1.0), np.float32(-1.0), np.float32(-1.0), np.float32(-1.0), np.float32(-1.0), np.float32(-1.0), np.float32(1.0)]",1,FR2
"[np.float32(1.0), np.float32(1.0), np.float32(-1.0), np.float32(-1.0), np.float32(-1.0), np.float32(-1.0), np.float32(-1.0), np.float32(1.0)]",1,FR2
"[np.float32(1.0), np.float32(1.0), np.float32(-1.0), np.float32(-1.0), np.float32(-1.0), np.float32(-1.0), np.float32(-1.0), np.float32(1.0)]",1,FR2
"[np.float32(1.0), np.float32(1.0), np.float32(-1.0), np.float32(-1.0), np.float32(-1.0), np.float32(-1.0), np.float32(-1.0), np.float32(1.0)]",1,FR2
"[np.float32(1.0), np.float32(1.0), np.float32(-1.0), np.float32(-1.0), np.float32(-1.0), np.float32(-1.0), np.float32(-1.0), np.float32(1.0)]",1,FR2
"[np.float32(-0.8331416), np.float32(0.9037233), np.float32(0.49924907), np.float32(0.64870167), np.float32(0.26426035), np.float32(0.2492564), np.float32(0.3257508), np.float32(0.027450923)]",1,FR2
"[np.float32(-0.99991506), np.float32(-0.99878687), np.float32(0.9997993), np.float32(0.9996901), np.float32(0.9996207), np.float32(0.9984693), np.float32(0.9992464), np.float32(-0.9995555)]",1,FR2
"[np.float32(1.0), np.float32(1.0), np.float32(-1.0), np.float32(-1.0), np.float32(-1.0), np.float32(-1.0), np.float32(-1.0), np.float32(1.0)]",1,FR2
"[np.float32(1.0), np.float32(1.0), np.float32(-1.0), np.float32(-1.0), np.float32(-1.0), np.float32(-1.0), np.float32(-1.0), np.float32(1.0)]",1,FR2
"[np.float32(1.0), np.float32(1.0), np.float32(-1.0), np.float32(-1.0), np.float32(-1.0), np.float32(-1.0), np.float32(-1.0), np.float32(1.0)]",1,FR2
"[np.float32(1.0), np.float32(1.0), np.float32(-1.0), np.float32(-1.0), np.float32(-1.0), np.float32(-1.0), np.float32(-1.0), np.float32(1.0)]",1,FR2
"[np.float32(1.0), np.float32(1.0), np.float32(-1.0), np.float32(-1.0), np.float32(-1.0), np.float32(-1.0), np.float32(-1.0), np.float32(1.0)]",1,FR2
"[np.float32(1.0), np.float32(1.0), np.float32(-1.0), np.float32(-1.0), np.float32(-1.0), np.float32(-1.0), np.float32(-1.0), np.float32(1.0)]",1,FR2
"[np.float32(1.0), np.float32(1.0), np.float32(-1.0), np.float32(-1.0), np.float32(-1.0), np.float32(-1.0), np.float32(-1.0), np.float32(1.0)]",1,FR2
"[np.float32(1.0), np.float32(1.0), np.float32(-1.0), np.float32(-1.0), np.float32(-1.0), np.float32(-1.0), np.float32(-1.0), np.float32(1.0)]",1,FR2
"[np.float32(1.0), np.float32(1.0), np.float32(-1.0), np.float32(-1.0), np.float32(-1.0), np.float32(-1.0), np.float32(-1.0), np.float32(1.0)]",1,FR2
"[np.float32(-0.9998055), np.float32(-0.99965906), np.float32(0.9999041), np.float32(0.99990135), np.float32(0.99982274), np.float32(0.99842125), np.float32(0.9996899), np.float32(-0.999765)]",1,FR2
"[np.float32(1.0), np.float32(1.0), np.float32(-1.0), np.float32(-1.0), np.float32(-1.0), np.float32(-1.0), np.float32(-1.0), np.float32(1.0)]",1,FR2
"[np.float32(1.0), np.float32(1.0), np.float32(-1.0), np.float32(-1.0), np.float32(-1.0), np.float32(-1.0), np.float32(-1.0), np.float32(1.0)]",1,FR2
"[np.float32(1.0), np.float32(1.0), np.float32(-1.0), np.float32(-1.0), np.float32(-1.0), np.float32(-1.0), np.float32(-1.0), np.float32(1.0)]",1,FR2
"[np.float32(1.0), np.float32(1.0), np.float32(-1.0), np.float32(-1.0), np.float32(-1.0), np.float32(-1.0), np.float32(-1.0), np.float32(1.0)]",1,FR2
"[np.float32(1.0), np.float32(1.0), np.float32(-1.0), np.float32(-1.0), np.float32(-1.0), np.float32(-1.0), np.float32(-1.0), np.float32(1.0)]",1,FR2
"[np.float32(-1.0), np.float32(-1.0), np.float32(1.0), np.float32(1.0), np.float32(1.0), np.float32(1.0), np.float32(1.0), np.float32(-1.0)]",1,FR2
"[np.float32(-1.0), np.float32(-0.99999994), np.float32(1.0), np.float32(1.0), np.float32(0.99999994), np.float32(0.9999998), np.float32(0.99999994), np.float32(-1.0)]",1,FR2
"[np.float32(1.0), np.float32(1.0), np.float32(-1.0), np.float32(-1.0), np.float32(-1.0), np.float32(-1.0), np.float32(-1.0), np.float32(1.0)]",1,FR2
"[np.float32(1.0), np.float32(1.0), np.float32(-1.0), np.float32(-1.0), np.float32(-1.0), np.float32(-1.0), np.float32(-1.0), np.float32(1.0)]",1,FR2
"[np.float32(1.0), np.float32(1.0), np.float32(-1.0), np.float32(-0.99999994), np.float32(-1.0), np.float32(-1.0), np.float32(-1.0), np.float32(1.0)]",1,FR2
"[np.float32(1.0), np.float32(1.0), np.float32(-1.0), np.float32(-1.0), np.float32(-1.0), np.float32(-1.0), np.float32(-1.0), np.float32(1.0)]",1,FR2
"[np.float32(1.0), np.float32(1.0), np.float32(-1.0), np.float32(-1.0), np.float32(-1.0), np.float32(-1.0), np.float32(-1.0), np.float32(1.0)]",1,FR2
"[np.float32(-1.0), np.float32(-1.0), np.float32(1.0), np.float32(1.0), np.float32(1.0), np.float32(1.0), np.float32(1.0), np.float32(-1.0)]",1,FR2
"[np.float32(1.0), np.float32(1.0), np.float32(-1.0), np.float32(-1.0), np.float32(-1.0), np.float32(-1.0), np.float32(-1.0), np.float32(1.0)]",1,FR2
"[np.float32(0.9636766), np.float32(0.95195), np.float32(-0.978577), np.float32(-0.91749525), np.float32(-0.9846627), np.float32(-0.99806404), np.float32(-0.9941048), np.float32(0.975591)]",1,FR2
"[np.float32(1.0), np.float32(1.0), np.float32(-1.0), np.float32(-1.0), np.float32(-1.0), np.float32(-1.0), np.float32(-1.0), np.float32(1.0)]",1,FR2
"[np.float32(1.0), np.float32(1.0), np.float32(-1.0), np.float32(-1.0), np.float32(-1.0), np.float32(-1.0), np.float32(-1.0), np.float32(1.0)]",1,FR2
"[np.float32(-1.0), np.float32(-1.0), np.float32(1.0), np.float32(1.0), np.float32(1.0), np.float32(1.0), np.float32(1.0), np.float32(-1.0)]",1,FR2
"[np.float32(1.0), np.float32(1.0), np.float32(-1.0), np.float32(-1.0), np.float32(-1.0), np.float32(-1.0), np.float32(-1.0), np.float32(1.0)]",1,FR2
"[np.float32(1.0), np.float32(1.0), np.float32(-1.0), np.float32(-1.0), np.float32(-1.0), np.float32(-1.0), np.float32(-1.0), np.float32(1.0)]",1,FR2
"[np.float32(-1.0), np.float32(-1.0), np.float32(1.0), np.float32(1.0), np.float32(1.0), np.float32(1.0), np.float32(1.0), np.float32(-1.0)]",1,FR2
"[np.float32(1.0), np.float32(1.0), np.float32(-1.0), np.float32(-1.0), np.float32(-1.0), np.float32(-1.0), np.float32(-1.0), np.float32(1.0)]",1,FR2
"[np.float32(-1.0), np.float32(-1.0), np.float32(1.0), np.float32(1.0), np.float32(1.0), np.float32(1.0), np.float32(1.0), np.float32(-1.0)]",1,FR2
"[np.float32(-1.0), np.float32(-1.0), np.float32(1.0), np.float32(1.0), np.float32(1.0), np.float32(1.0), np.float32(1.0), np.float32(-1.0)]",1,FR2
"[np.float32(1.0), np.float32(1.0), np.float32(-1.0), np.float32(-1.0), np.float32(-1.0), np.float32(-1.0), np.float32(-1.0), np.float32(1.0)]",1,FR2
"[np.float32(1.0), np.float32(1.0), np.float32(-1.0), np.float32(-1.0), np.float32(-1.0), np.float32(-1.0), np.float32(-1.0), np.float32(1.0)]",1,FR2
"[np.float32(1.0), np.float32(1.0), np.float32(-1.0), np.float32(-1.0), np.float32(-1.0), np.float32(-1.0), np.float32(-1.0), np.float32(1.0)]",1,FR2
"[np.float32(1.0), np.float32(1.0), np.float32(-1.0), np.float32(-1.0), np.float32(-1.0), np.float32(-1.0), np.float32(-1.0), np.float32(1.0)]",1,FR2
"[np.float32(1.0), np.float32(1.0), np.float32(-1.0), np.float32(-1.0), np.float32(-1.0), np.float32(-1.0), np.float32(-1.0), np.float32(1.0)]",1,FR2
"[np.float32(-1.0), np.float32(-1.0), np.float32(1.0), np.float32(1.0), np.float32(1.0), np.float32(1.0), np.float32(1.0), np.float32(-1.0)]",1,FR2
"[np.float32(1.0), np.float32(1.0), np.float32(-1.0), np.float32(-1.0), np.float32(-1.0), np.float32(-1.0), np.float32(-1.0), np.float32(1.0)]",1,FR2
"[np.float32(-1.0), np.float32(-1.0), np.float32(1.0), np.float32(1.0), np.float32(1.0), np.float32(1.0), np.float32(1.0), np.float32(-1.0)]",1,FR2
"[np.float32(-1.0), np.float32(-1.0), np.float32(1.0), np.float32(1.0), np.float32(1.0), np.float32(1.0), np.float32(1.0), np.float32(-1.0)]",1,FR2
"[np.float32(1.0), np.float32(1.0), np.float32(-1.0), np.float32(-1.0), np.float32(-1.0), np.float32(-1.0), np.float32(-1.0), np.float32(1.0)]",1,FR2
"[np.float32(1.0), np.float32(1.0), np.float32(-1.0), np.float32(-1.0), np.float32(-1.0), np.float32(-1.0), np.float32(-1.0), np.float32(1.0)]",1,FR2
"[np.float32(1.0), np.float32(1.0), np.float32(-1.0), np.float32(-1.0), np.float32(-1.0), np.float32(-1.0), np.float32(-1.0), np.float32(1.0)]",1,FR2
"[np.float32(1.0), np.float32(1.0), np.float32(-1.0), np.float32(-1.0), np.float32(-1.0), np.float32(-1.0), np.float32(-1.0), np.float32(1.0)]",1,FR2
"[np.float32(1.0), np.float32(1.0), np.float32(-1.0), np.float32(-1.0), np.float32(-1.0), np.float32(-1.0), np.float32(-1.0), np.float32(1.0)]",1,FR2
"[np.float32(1.0), np.float32(1.0), np.float32(-1.0), np.float32(-1.0), np.float32(-1.0), np.float32(-1.0), np.float32(-1.0), np.float32(1.0)]",1,FR2
"[np.float32(1.0), np.float32(1.0), np.float32(-1.0), np.float32(-1.0), np.float32(-1.0), np.float32(-1.0), np.float32(-1.0), np.float32(1.0)]",1,FR2
"[np.float32(1.0), np.float32(1.0), np.float32(-1.0), np.float32(-1.0), np.float32(-1.0), np.float32(-1.0), np.float32(-1.0), np.float32(1.0)]",1,FR2
"[np.float32(1.0), np.float32(1.0), np.float32(-1.0), np.float32(-1.0), np.float32(-1.0), np.float32(-1.0), np.float32(-1.0), np.float32(1.0)]",1,FR2
"[np.float32(1.0), np.float32(1.0), np.float32(-1.0), np.float32(-1.0), np.float32(-1.0), np.float32(-1.0), np.float32(-1.0), np.float32(1.0)]",1,FR2
"[np.float32(1.0), np.float32(1.0), np.float32(-1.0), np.float32(-1.0), np.float32(-1.0), np.float32(-1.0), np.float32(-1.0), np.float32(1.0)]",1,FR2
"[np.float32(1.0), np.float32(1.0), np.float32(-1.0), np.float32(-1.0), np.float32(-1.0), np.float32(-1.0), np.float32(-1.0), np.float32(1.0)]",1,FR2
"[np.float32(1.0), np.float32(1.0), np.float32(-1.0), np.float32(-1.0), np.float32(-1.0), np.float32(-1.0), np.float32(-1.0), np.float32(1.0)]",1,FR2
"[np.float32(1.0), np.float32(1.0), np.float32(-1.0), np.float32(-1.0), np.float32(-1.0), np.float32(-1.0), np.float32(-1.0), np.float32(1.0)]",1,FR2
"[np.float32(-1.0), np.float32(-1.0), np.float32(1.0), np.float32(1.0), np.float32(1.0), np.float32(1.0), np.float32(1.0), np.float32(-1.0)]",1,FR2
"[np.float32(1.0), np.float32(1.0), np.float32(-1.0), np.float32(-1.0), np.float32(-1.0), np.float32(-1.0), np.float32(-1.0), np.float32(1.0)]",1,FR2
"[np.float32(1.0), np.float32(1.0), np.float32(-1.0), np.float32(-1.0), np.float32(-1.0), np.float32(-1.0), np.float32(-1.0), np.float32(1.0)]",1,FR2
"[np.float32(1.0), np.float32(1.0), np.float32(-1.0), np.float32(-1.0), np.float32(-1.0), np.float32(-1.0), np.float32(-1.0), np.float32(1.0)]",1,FR2
"[np.float32(1.0), np.float32(1.0), np.float32(-1.0), np.float32(-1.0), np.float32(-1.0), np.float32(-1.0), np.float32(-1.0), np.float32(1.0)]",1,FR2
"[np.float32(1.0), np.float32(1.0), np.float32(-1.0), np.float32(-1.0), np.float32(-1.0), np.float32(-1.0), np.float32(-1.0), np.float32(1.0)]",1,FR2
"[np.float32(1.0), np.float32(1.0), np.float32(-1.0), np.float32(-1.0), np.float32(-1.0), np.float32(-1.0), np.float32(-1.0), np.float32(1.0)]",1,FR2
"[np.float32(1.0), np.float32(1.0), np.float32(-1.0), np.float32(-1.0), np.float32(-1.0), np.float32(-1.0), np.float32(-1.0), np.float32(1.0)]",1,FR2
"[np.float32(1.0), np.float32(1.0), np.float32(-1.0), np.float32(-1.0), np.float32(-1.0), np.float32(-1.0), np.float32(-1.0), np.float32(1.0)]",1,FR2
"[np.float32(1.0), np.float32(1.0), np.float32(-1.0), np.float32(-1.0), np.float32(-1.0), np.float32(-1.0), np.float32(-1.0), np.float32(1.0)]",1,FR2
"[np.float32(-0.99999994), np.float32(-0.9999999), np.float32(0.9999996), np.float32(0.99999994), np.float32(0.9999997), np.float32(0.99999905), np.float32(0.9999999), np.float32(-0.9999999)]",1,FR2
"[np.float32(-1.0), np.float32(-1.0), np.float32(1.0), np.float32(1.0), np.float32(1.0), np.float32(1.0), np.float32(1.0), np.float32(-1.0)]",1,FR2
"[np.float32(1.0), np.float32(1.0), np.float32(-1.0), np.float32(-1.0), np.float32(-1.0), np.float32(-1.0), np.float32(-1.0), np.float32(1.0)]",1,FR2
"[np.float32(1.0), np.float32(1.0), np.float32(-1.0), np.float32(-1.0), np.float32(-1.0), np.float32(-1.0), np.float32(-1.0), np.float32(1.0)]",1,FR2
"[np.float32(1.0), np.float32(1.0), np.float32(-1.0), np.float32(-1.0), np.float32(-1.0), np.float32(-1.0), np.float32(-1.0), np.float32(1.0)]",1,FR2
"[np.float32(1.0), np.float32(1.0), np.float32(-1.0), np.float32(-1.0), np.float32(-1.0), np.float32(-1.0), np.float32(-1.0), np.float32(1.0)]",1,FR2
"[np.float32(1.0), np.float32(1.0), np.float32(-1.0), np.float32(-1.0), np.float32(-1.0), np.float32(-1.0), np.float32(-1.0), np.float32(1.0)]",1,FR2
"[np.float32(1.0), np.float32(1.0), np.float32(-1.0), np.float32(-1.0), np.float32(-1.0), np.float32(-1.0), np.float32(-1.0), np.float32(1.0)]",1,FR2
"[np.float32(1.0), np.float32(1.0), np.float32(-1.0), np.float32(-1.0), np.float32(-1.0), np.float32(-1.0), np.float32(-1.0), np.float32(1.0)]",1,FR2
"[np.float32(1.0), np.float32(1.0), np.float32(-1.0), np.float32(-1.0), np.float32(-1.0), np.float32(-1.0), np.float32(-1.0), np.float32(1.0)]",1,FR2
"[np.float32(-0.98646164), np.float32(-0.68715453), np.float32(0.98955935), np.float32(0.974167), np.float32(0.91851723), np.float32(0.3758794), np.float32(0.8579839), np.float32(-0.943504)]",1,FR2
"[np.float32(1.0), np.float32(1.0), np.float32(-1.0), np.float32(-1.0), np.float32(-1.0), np.float32(-1.0), np.float32(-1.0), np.float32(1.0)]",1,FR2
"[np.float32(-0.7834374), np.float32(0.7516383), np.float32(0.839995), np.float32(0.7762833), np.float32(0.22376736), np.float32(-0.7058095), np.float32(-0.42779925), np.float32(-0.7481173)]",1,FR2
"[np.float32(1.0), np.float32(1.0), np.float32(-1.0), np.float32(-1.0), np.float32(-1.0), np.float32(-1.0), np.float32(-1.0), np.float32(1.0)]",1,FR2
"[np.float32(1.0), np.float32(1.0), np.float32(-1.0), np.float32(-1.0), np.float32(-1.0), np.float32(-1.0), np.float32(-1.0), np.float32(1.0)]",1,FR2
"[np.float32(1.0), np.float32(1.0), np.float32(-1.0), np.float32(-1.0), np.float32(-1.0), np.float32(-1.0), np.float32(-1.0), np.float32(1.0)]",1,FR2
"[np.float32(1.0), np.float32(1.0), np.float32(-1.0), np.float32(-1.0), np.float32(-1.0), np.float32(-1.0), np.float32(-1.0), np.float32(1.0)]",1,FR2
"[np.float32(-1.0), np.float32(-1.0), np.float32(1.0), np.float32(1.0), np.float32(1.0), np.float32(1.0), np.float32(1.0), np.float32(-1.0)]",2,Bent
"[np.float32(1.0), np.float32(1.0), np.float32(-1.0), np.float32(-1.0), np.float32(-1.0), np.float32(-1.0), np.float32(-1.0), np.float32(1.0)]",2,Bent
"[np.float32(-1.0), np.float32(-1.0), np.float32(1.0), np.float32(1.0), np.float32(1.0), np.float32(1.0), np.float32(1.0), np.float32(-1.0)]",2,Bent
"[np.float32(-1.0), np.float32(-1.0), np.float32(1.0), np.float32(1.0), np.float32(1.0), np.float32(1.0), np.float32(1.0), np.float32(-1.0)]",2,Bent
"[np.float32(-1.0), np.float32(-1.0), np.float32(1.0), np.float32(1.0), np.float32(1.0), np.float32(1.0), np.float32(1.0), np.float32(-1.0)]",2,Bent
"[np.float32(-1.0), np.float32(-1.0), np.float32(1.0), np.float32(1.0), np.float32(1.0), np.float32(1.0), np.float32(1.0), np.float32(-1.0)]",2,Bent
"[np.float32(-1.0), np.float32(-1.0), np.float32(1.0), np.float32(1.0), np.float32(1.0), np.float32(1.0), np.float32(1.0), np.float32(-1.0)]",2,Bent
"[np.float32(-1.0), np.float32(-1.0), np.float32(1.0), np.float32(1.0), np.float32(1.0), np.float32(1.0), np.float32(1.0), np.float32(-1.0)]",2,Bent
"[np.float32(-1.0), np.float32(-1.0), np.float32(1.0), np.float32(1.0), np.float32(1.0), np.float32(1.0), np.float32(1.0), np.float32(-1.0)]",2,Bent
"[np.float32(-1.0), np.float32(-1.0), np.float32(1.0), np.float32(1.0), np.float32(1.0), np.float32(1.0), np.float32(1.0), np.float32(-1.0)]",2,Bent
"[np.float32(-1.0), np.float32(-1.0), np.float32(1.0), np.float32(1.0), np.float32(1.0), np.float32(1.0), np.float32(1.0), np.float32(-1.0)]",2,Bent
"[np.float32(-1.0), np.float32(-1.0), np.float32(1.0), np.float32(1.0), np.float32(1.0), np.float32(1.0), np.float32(1.0), np.float32(-1.0)]",2,Bent
"[np.float32(-1.0), np.float32(-1.0), np.float32(1.0), np.float32(1.0), np.float32(1.0), np.float32(1.0), np.float32(1.0), np.float32(-1.0)]",2,Bent
"[np.float32(-1.0), np.float32(-1.0), np.float32(1.0), np.float32(1.0), np.float32(1.0), np.float32(1.0), np.float32(1.0), np.float32(-1.0)]",2,Bent
"[np.float32(-1.0), np.float32(-1.0), np.float32(1.0), np.float32(1.0), np.float32(1.0), np.float32(1.0), np.float32(1.0), np.float32(-1.0)]",2,Bent
"[np.float32(-1.0), np.float32(-1.0), np.float32(1.0), np.float32(1.0), np.float32(1.0), np.float32(1.0), np.float32(1.0), np.float32(-1.0)]",2,Bent
"[np.float32(-1.0), np.float32(-1.0), np.float32(1.0), np.float32(1.0), np.float32(1.0), np.float32(1.0), np.float32(1.0), np.float32(-1.0)]",2,Bent
"[np.float32(-1.0), np.float32(-1.0), np.float32(1.0), np.float32(1.0), np.float32(1.0), np.float32(1.0), np.float32(1.0), np.float32(-1.0)]",2,Bent
"[np.float32(-1.0), np.float32(-1.0), np.float32(1.0), np.float32(1.0), np.float32(1.0), np.float32(1.0), np.float32(1.0), np.float32(-1.0)]",2,Bent
"[np.float32(-1.0), np.float32(-1.0), np.float32(1.0), np.float32(1.0), np.float32(1.0), np.float32(1.0), np.float32(1.0), np.float32(-1.0)]",2,Bent
"[np.float32(-1.0), np.float32(-1.0), np.float32(1.0), np.float32(1.0), np.float32(1.0), np.float32(1.0), np.float32(1.0), np.float32(-1.0)]",2,Bent
"[np.float32(-1.0), np.float32(-1.0), np.float32(1.0), np.float32(1.0), np.float32(1.0), np.float32(1.0), np.float32(1.0), np.float32(-1.0)]",2,Bent
"[np.float32(-1.0), np.float32(-1.0), np.float32(1.0), np.float32(1.0), np.float32(1.0), np.float32(1.0), np.float32(1.0), np.float32(-1.0)]",2,Bent
"[np.float32(-1.0), np.float32(-1.0), np.float32(1.0), np.float32(1.0), np.float32(1.0), np.float32(1.0), np.float32(1.0), np.float32(-1.0)]",2,Bent
"[np.float32(-1.0), np.float32(-1.0), np.float32(1.0), np.float32(1.0), np.float32(1.0), np.float32(1.0), np.float32(1.0), np.float32(-1.0)]",2,Bent
"[np.float32(-0.99999994), np.float32(-0.99999917), np.float32(0.99999994), np.float32(0.9999999), np.float32(0.9999997), np.float32(0.9999978), np.float32(0.9999994), np.float32(-0.99999994)]",2,Bent
"[np.float32(-1.0), np.float32(-1.0), np.float32(1.0), np.float32(1.0), np.float32(1.0), np.float32(1.0), np.float32(1.0), np.float32(-1.0)]",2,Bent
"[np.float32(-1.0), np.float32(-1.0), np.float32(1.0), np.float32(1.0), np.float32(1.0), np.float32(1.0), np.float32(1.0), np.float32(-1.0)]",2,Bent
"[np.float32(0.13419186), np.float32(0.9959553), np.float32(-0.29459336), np.float32(-0.45490342), np.float32(-0.8257922), np.float32(-0.9789957), np.float32(-0.9223559), np.float32(0.49654815)]",2,Bent
"[np.float32(1.0), np.float32(1.0), np.float32(-1.0), np.float32(-1.0), np.float32(-1.0), np.float32(-1.0), np.float32(-1.0), np.float32(1.0)]",2,Bent
"[np.float32(-1.0), np.float32(-1.0), np.float32(1.0), np.float32(1.0), np.float32(1.0), np.float32(1.0), np.float32(1.0), np.float32(-1.0)]",2,Bent
"[np.float32(-1.0), np.float32(-1.0), np.float32(1.0), np.float32(1.0), np.float32(1.0), np.float32(1.0), np.float32(1.0), np.float32(-1.0)]",2,Bent
"[np.float32(-1.0), np.float32(-1.0), np.float32(1.0), np.float32(1.0), np.float32(1.0), np.float32(1.0), np.float32(1.0), np.float32(-1.0)]",2,Bent
"[np.float32(-1.0), np.float32(-1.0), np.float32(1.0), np.float32(1.0), np.float32(1.0), np.float32(1.0), np.float32(1.0), np.float32(-1.0)]",2,Bent
"[np.float32(-1.0), np.float32(-1.0), np.float32(1.0), np.float32(1.0), np.float32(1.0), np.float32(1.0), np.float32(1.0), np.float32(-1.0)]",2,Bent
"[np.float32(-1.0), np.float32(-1.0), np.float32(1.0), np.float32(1.0), np.float32(1.0), np.float32(1.0), np.float32(1.0), np.float32(-1.0)]",2,Bent
"[np.float32(-1.0), np.float32(-1.0), np.float32(1.0), np.float32(1.0), np.float32(1.0), np.float32(1.0), np.float32(1.0), np.float32(-1.0)]",2,Bent
"[np.float32(-1.0), np.float32(-1.0), np.float32(1.0), np.float32(1.0), np.float32(1.0), np.float32(1.0), np.float32(1.0), np.float32(-1.0)]",2,Bent
"[np.float32(-1.0), np.float32(-1.0), np.float32(1.0), np.float32(1.0), np.float32(1.0), np.float32(1.0), np.float32(1.0), np.float32(-1.0)]",2,Bent
"[np.float32(-1.0), np.float32(-1.0), np.float32(1.0), np.float32(1.0), np.float32(1.0), np.float32(1.0), np.float32(1.0), np.float32(-1.0)]",2,Bent
"[np.float32(-1.0), np.float32(-1.0), np.float32(1.0), np.float32(1.0), np.float32(1.0), np.float32(1.0), np.float32(1.0), np.float32(-1.0)]",2,Bent
"[np.float32(-1.0), np.float32(-1.0), np.float32(1.0), np.float32(1.0), np.float32(1.0), np.float32(1.0), np.float32(1.0), np.float32(-1.0)]",2,Bent
"[np.float32(-1.0), np.float32(-1.0), np.float32(1.0), np.float32(1.0), np.float32(1.0), np.float32(1.0), np.float32(1.0), np.float32(-1.0)]",2,Bent
"[np.float32(-1.0), np.float32(-1.0), np.float32(1.0), np.float32(1.0), np.float32(1.0), np.float32(1.0), np.float32(1.0), np.float32(-1.0)]",2,Bent
"[np.float32(-1.0), np.float32(-1.0), np.float32(1.0), np.float32(1.0), np.float32(1.0), np.float32(1.0), np.float32(1.0), np.float32(-1.0)]",2,Bent
"[np.float32(-1.0), np.float32(-1.0), np.float32(1.0), np.float32(1.0), np.float32(1.0), np.float32(1.0), np.float32(1.0), np.float32(-1.0)]",2,Bent
"[np.float32(-1.0), np.float32(-1.0), np.float32(1.0), np.float32(1.0), np.float32(1.0), np.float32(1.0), np.float32(1.0), np.float32(-1.0)]",2,Bent
"[np.float32(-1.0), np.float32(-1.0), np.float32(1.0), np.float32(1.0), np.float32(1.0), np.float32(1.0), np.float32(1.0), np.float32(-1.0)]",2,Bent
"[np.float32(-1.0), np.float32(-1.0), np.float32(1.0), np.float32(1.0), np.float32(1.0), np.float32(1.0), np.float32(1.0), np.float32(-1.0)]",2,Bent
"[np.float32(-0.9858221), np.float32(-0.7704019), np.float32(0.8089849), np.float32(0.99396515), np.float32(0.9304783), np.float32(0.83335835), np.float32(0.9871271), np.float32(-0.8977577)]",2,Bent
"[np.float32(-1.0), np.float32(-1.0), np.float32(1.0), np.float32(1.0), np.float32(1.0), np.float32(1.0), np.float32(1.0), np.float32(-1.0)]",2,Bent
"[np.float32(-1.0), np.float32(-1.0), np.float32(1.0), np.float32(1.0), np.float32(1.0), np.float32(1.0), np.float32(1.0), np.float32(-1.0)]",2,Bent
"[np.float32(-1.0), np.float32(-1.0), np.float32(1.0), np.float32(1.0), np.float32(1.0), np.float32(1.0), np.float32(1.0), np.float32(-1.0)]",2,Bent
"[np.float32(-1.0), np.float32(-1.0), np.float32(1.0), np.float32(1.0), np.float32(1.0), np.float32(1.0), np.float32(1.0), np.float32(-1.0)]",2,Bent
"[np.float32(-1.0), np.float32(-1.0), np.float32(1.0), np.float32(1.0), np.float32(1.0), np.float32(1.0), np.float32(1.0), np.float32(-1.0)]",2,Bent
"[np.float32(-1.0), np.float32(-1.0), np.float32(1.0), np.float32(1.0), np.float32(1.0), np.float32(1.0), np.float32(1.0), np.float32(-1.0)]",2,Bent
"[np.float32(-1.0), np.float32(-1.0), np.float32(1.0), np.float32(1.0), np.float32(1.0), np.float32(1.0), np.float32(1.0), np.float32(-1.0)]",2,Bent
"[np.float32(-1.0), np.float32(-1.0), np.float32(1.0), np.float32(1.0), np.float32(1.0), np.float32(1.0), np.float32(1.0), np.float32(-1.0)]",2,Bent
"[np.float32(-1.0), np.float32(-1.0), np.float32(1.0), np.float32(1.0), np.float32(1.0), np.float32(1.0), np.float32(1.0), np.float32(-1.0)]",2,Bent
"[np.float32(-1.0), np.float32(-1.0), np.float32(1.0), np.float32(1.0), np.float32(1.0), np.float32(1.0), np.float32(1.0), np.float32(-1.0)]",2,Bent
"[np.float32(-1.0), np.float32(-1.0), np.float32(1.0), np.float32(1.0), np.float32(1.0), np.float32(1.0), np.float32(1.0), np.float32(-1.0)]",2,Bent
"[np.float32(-1.0), np.float32(-1.0), np.float32(1.0), np.float32(1.0), np.float32(1.0), np.float32(1.0), np.float32(1.0), np.float32(-1.0)]",2,Bent
"[np.float32(-1.0), np.float32(-1.0), np.float32(1.0), np.float32(1.0), np.float32(1.0), np.float32(1.0), np.float32(1.0), np.float32(-1.0)]",2,Bent
"[np.float32(-1.0), np.float32(-1.0), np.float32(1.0), np.float32(1.0), np.float32(1.0), np.float32(1.0), np.float32(1.0), np.float32(-1.0)]",2,Bent
"[np.float32(-1.0), np.float32(-1.0), np.float32(1.0), np.float32(1.0), np.float32(1.0), np.float32(1.0), np.float32(1.0), np.float32(-1.0)]",2,Bent
"[np.float32(1.0), np.float32(1.0), np.float32(-1.0), np.float32(-1.0), np.float32(-1.0), np.float32(-1.0), np.float32(-1.0), np.float32(1.0)]",2,Bent
"[np.float32(-1.0), np.float32(-1.0), np.float32(1.0), np.float32(1.0), np.float32(1.0), np.float32(1.0), np.float32(1.0), np.float32(-1.0)]",2,Bent
"[np.float32(-1.0), np.float32(-1.0), np.float32(1.0), np.float32(1.0), np.float32(1.0), np.float32(1.0), np.float32(1.0), np.float32(-1.0)]",2,Bent
"[np.float32(-1.0), np.float32(-1.0), np.float32(1.0), np.float32(1.0), np.float32(1.0), np.float32(1.0), np.float32(1.0), np.float32(-1.0)]",2,Bent
"[np.float32(-1.0), np.float32(-1.0), np.float32(1.0), np.float32(1.0), np.float32(1.0), np.float32(1.0), np.float32(1.0), np.float32(-1.0)]",2,Bent
"[np.float32(-1.0), np.float32(-1.0), np.float32(1.0), np.float32(1.0), np.float32(1.0), np.float32(1.0), np.float32(1.0), np.float32(-1.0)]",2,Bent
"[np.float32(-1.0), np.float32(-1.0), np.float32(1.0), np.float32(1.0), np.float32(1.0), np.float32(1.0), np.float32(1.0), np.float32(-1.0)]",2,Bent
"[np.float32(-1.0), np.float32(-1.0), np.float32(1.0), np.float32(1.0), np.float32(1.0), np.float32(1.0), np.float32(1.0), np.float32(-1.0)]",2,Bent
"[np.float32(-1.0), np.float32(-1.0), np.float32(1.0), np.float32(1.0), np.float32(1.0), np.float32(1.0), np.float32(1.0), np.float32(-1.0)]",2,Bent
"[np.float32(-1.0), np.float32(-1.0), np.float32(1.0), np.float32(1.0), np.float32(1.0), np.float32(1.0), np.float32(1.0), np.float32(-1.0)]",2,Bent
"[np.float32(-1.0), np.float32(-1.0), np.float32(1.0), np.float32(1.0), np.float32(1.0), np.float32(1.0), np.float32(1.0), np.float32(-1.0)]",2,Bent
"[np.float32(-1.0), np.float32(-1.0), np.float32(1.0), np.float32(1.0), np.float32(1.0), np.float32(1.0), np.float32(1.0), np.float32(-1.0)]",2,Bent
"[np.float32(-0.9954591), np.float32(-0.9932634), np.float32(0.945245), np.float32(0.9956237), np.float32(0.9653997), np.float32(0.8540288), np.float32(0.9587058), np.float32(-0.9887647)]",2,Bent
"[np.float32(-1.0), np.float32(-1.0), np.float32(1.0), np.float32(1.0), np.float32(1.0), np.float32(1.0), np.float32(1.0), np.float32(-1.0)]",2,Bent
"[np.float32(1.0), np.float32(1.0), np.float32(-1.0), np.float32(-1.0), np.float32(-1.0), np.float32(-1.0), np.float32(-1.0), np.float32(1.0)]",2,Bent
"[np.float32(-1.0), np.float32(-1.0), np.float32(1.0), np.float32(1.0), np.float32(1.0), np.float32(1.0), np.float32(1.0), np.float32(-1.0)]",2,Bent
"[np.float32(-1.0), np.float32(-1.0), np.float32(1.0), np.float32(1.0), np.float32(1.0), np.float32(1.0), np.float32(1.0), np.float32(-1.0)]",2,Bent
"[np.float32(-1.0), np.float32(-1.0), np.float32(1.0), np.float32(1.0), np.float32(1.0), np.float32(1.0), np.float32(1.0), np.float32(-1.0)]",2,Bent
"[np.float32(-1.0), np.float32(-1.0), np.float32(1.0), np.float32(1.0), np.float32(1.0), np.float32(1.0), np.float32(1.0), np.float32(-1.0)]",2,Bent
"[np.float32(-1.0), np.float32(-1.0), np.float32(1.0), np.float32(1.0), np.float32(1.0), np.float32(1.0), np.float32(1.0), np.float32(-1.0)]",2,Bent
"[np.float32(-1.0), np.float32(-1.0), np.float32(1.0), np.float32(1.0), np.float32(1.0), np.float32(1.0), np.float32(1.0), np.float32(-1.0)]",2,Bent
"[np.float32(1.0), np.float32(1.0), np.float32(-1.0), np.float32(-1.0), np.float32(-1.0), np.float32(-1.0), np.float32(-1.0), np.float32(1.0)]",2,Bent
"[np.float32(-1.0), np.float32(-1.0), np.float32(1.0), np.float32(1.0), np.float32(1.0), np.float32(1.0), np.float32(1.0), np.float32(-1.0)]",2,Bent
"[np.float32(-1.0), np.float32(-1.0), np.float32(1.0), np.float32(1.0), np.float32(1.0), np.float32(1.0), np.float32(1.0), np.float32(-1.0)]",2,Bent
"[np.float32(-1.0), np.float32(-1.0), np.float32(1.0), np.float32(1.0), np.float32(1.0), np.float32(1.0), np.float32(1.0), np.float32(-1.0)]",2,Bent
"[np.float32(-1.0), np.float32(-1.0), np.float32(1.0), np.float32(1.0), np.float32(1.0), np.float32(1.0), np.float32(1.0), np.float32(-1.0)]",2,Bent
"[np.float32(-1.0), np.float32(-1.0), np.float32(1.0), np.float32(1.0), np.float32(1.0), np.float32(1.0), np.float32(1.0), np.float32(-1.0)]",2,Bent
"[np.float32(1.0), np.float32(1.0), np.float32(-1.0), np.float32(-1.0), np.float32(-1.0), np.float32(-1.0), np.float32(-1.0), np.float32(1.0)]",2,Bent
"[np.float32(-1.0), np.float32(-1.0), np.float32(1.0), np.float32(1.0), np.float32(1.0), np.float32(1.0), np.float32(1.0), np.float32(-1.0)]",2,Bent
"[np.float32(-1.0), np.float32(-1.0), np.float32(1.0), np.float32(1.0), np.float32(1.0), np.float32(1.0), np.float32(1.0), np.float32(-1.0)]",2,Bent
"[np.float32(-1.0), np.float32(-0.99999976), np.float32(1.0), np.float32(1.0), np.float32(1.0), np.float32(0.9999999), np.float32(0.99999994), np.float32(-1.0)]",2,Bent
"[np.float32(-1.0), np.float32(-1.0), np.float32(1.0), np.float32(1.0), np.float32(1.0), np.float32(1.0), np.float32(1.0), np.float32(-1.0)]",2,Bent
"[np.float32(-1.0), np.float32(-1.0), np.float32(1.0), np.float32(1.0), np.float32(1.0), np.float32(1.0), np.float32(1.0), np.float32(-1.0)]",2,Bent
"[np.float32(-1.0), np.float32(-1.0), np.float32(1.0), np.float32(1.0), np.float32(1.0), np.float32(1.0), np.float32(1.0), np.float32(-1.0)]",2,Bent
"[np.float32(-1.0), np.float32(-1.0), np.float32(1.0), np.float32(1.0), np.float32(1.0), np.float32(1.0), np.float32(1.0), np.float32(-1.0)]",2,Bent
"[np.float32(-1.0), np.float32(-1.0), np.float32(1.0), np.float32(1.0), np.float32(1.0), np.float32(1.0), np.float32(1.0), np.float32(-1.0)]",2,Bent
"[np.float32(-1.0), np.float32(-1.0), np.float32(1.0), np.float32(1.0), np.float32(1.0), np.float32(1.0), np.float32(1.0), np.float32(-1.0)]",2,Bent
"[np.float32(-1.0), np.float32(-1.0), np.float32(1.0), np.float32(1.0), np.float32(1.0), np.float32(1.0), np.float32(1.0), np.float32(-1.0)]",2,Bent
"[np.float32(1.0), np.float32(1.0), np.float32(-1.0), np.float32(-1.0), np.float32(-1.0), np.float32(-1.0), np.float32(-1.0), np.float32(1.0)]",3,Compact
"[np.float32(1.0), np.float32(1.0), np.float32(-1.0), np.float32(-1.0), np.float32(-1.0), np.float32(-1.0), np.float32(-1.0), np.float32(1.0)]",3,Compact
"[np.float32(1.0), np.float32(1.0), np.float32(-1.0), np.float32(-1.0), np.float32(-1.0), np.float32(-1.0), np.float32(-1.0), np.float32(1.0)]",3,Compact
"[np.float32(-1.0), np.float32(-1.0), np.float32(1.0), np.float32(1.0), np.float32(1.0), np.float32(1.0), np.float32(1.0), np.float32(-1.0)]",3,Compact
"[np.float32(1.0), np.float32(1.0), np.float32(-1.0), np.float32(-1.0), np.float32(-1.0), np.float32(-1.0), np.float32(-1.0), np.float32(1.0)]",3,Compact
"[np.float32(1.0), np.float32(1.0), np.float32(-1.0), np.float32(-1.0), np.float32(-1.0), np.float32(-1.0), np.float32(-1.0), np.float32(1.0)]",3,Compact
"[np.float32(1.0), np.float32(1.0), np.float32(-1.0), np.float32(-1.0), np.float32(-1.0), np.float32(-1.0), np.float32(-1.0), np.float32(1.0)]",3,Compact
"[np.float32(1.0), np.float32(1.0), np.float32(-1.0), np.float32(-1.0), np.float32(-1.0), np.float32(-1.0), np.float32(-1.0), np.float32(1.0)]",3,Compact
"[np.float32(1.0), np.float32(1.0), np.float32(-1.0), np.float32(-1.0), np.float32(-1.0), np.float32(-1.0), np.float32(-1.0), np.float32(1.0)]",3,Compact
"[np.float32(1.0), np.float32(1.0), np.float32(-1.0), np.float32(-1.0), np.float32(-1.0), np.float32(-1.0), np.float32(-1.0), np.float32(1.0)]",3,Compact
"[np.float32(0.9999995), np.float32(0.99999726), np.float32(-0.9999995), np.float32(-0.9999936), np.float32(-0.9999977), np.float32(-0.99999964), np.float32(-0.9999987), np.float32(0.9999992)]",3,Compact
"[np.float32(1.0), np.float32(1.0), np.float32(-1.0), np.float32(-1.0), np.float32(-1.0), np.float32(-1.0), np.float32(-1.0), np.float32(1.0)]",3,Compact
"[np.float32(1.0), np.float32(1.0), np.float32(-1.0), np.float32(-1.0), np.float32(-1.0), np.float32(-1.0), np.float32(-1.0), np.float32(1.0)]",3,Compact
"[np.float32(1.0), np.float32(1.0), np.float32(-1.0), np.float32(-1.0), np.float32(-1.0), np.float32(-1.0), np.float32(-1.0), np.float32(1.0)]",3,Compact
"[np.float32(1.0), np.float32(1.0), np.float32(-1.0), np.float32(-1.0), np.float32(-1.0), np.float32(-1.0), np.float32(-1.0), np.float32(1.0)]",3,Compact
"[np.float32(1.0), np.float32(1.0), np.float32(-1.0), np.float32(-1.0), np.float32(-1.0), np.float32(-1.0), np.float32(-1.0), np.float32(1.0)]",3,Compact
"[np.float32(-0.0807319), np.float32(0.029704455), np.float32(-0.089040145), np.float32(0.610847), np.float32(0.6132628), np.float32(0.04189653), np.float32(0.5439462), np.float32(0.16248949)]",3,Compact
"[np.float32(1.0), np.float32(1.0), np.float32(-1.0), np.float32(-1.0), np.float32(-1.0), np.float32(-1.0), np.float32(-1.0), np.float32(1.0)]",3,Compact
"[np.float32(-1.0), np.float32(-1.0), np.float32(1.0), np.float32(1.0), np.float32(1.0), np.float32(1.0), np.float32(1.0), np.float32(-1.0)]",3,Compact
"[np.float32(1.0), np.float32(1.0), np.float32(-1.0), np.float32(-1.0), np.float32(-1.0), np.float32(-1.0), np.float32(-1.0), np.float32(1.0)]",3,Compact
"[np.float32(0.9999779), np.float32(0.9999652), np.float32(-0.99992794), np.float32(-0.9998253), np.float32(-0.9997575), np.float32(-0.99995965), np.float32(-0.99992675), np.float32(0.99995863)]",3,Compact
"[np.float32(1.0), np.float32(1.0), np.float32(-1.0), np.float32(-1.0), np.float32(-1.0), np.float32(-1.0), np.float32(-1.0), np.float32(1.0)]",3,Compact
"[np.float32(1.0), np.float32(1.0), np.float32(-1.0), np.float32(-0.9999999), np.float32(-0.99999994), np.float32(-1.0), np.float32(-1.0), np.float32(1.0)]",3,Compact
"[np.float32(1.0), np.float32(1.0), np.float32(-1.0), np.float32(-1.0), np.float32(-1.0), np.float32(-1.0), np.float32(-1.0), np.float32(1.0)]",3,Compact
"[np.float32(0.99998826), np.float32(0.99995524), np.float32(-0.999915), np.float32(-0.9999552), np.float32(-0.9999183), np.float32(-0.9999903), np.float32(-0.99996924), np.float32(0.99998635)]",3,Compact
"[np.float32(1.0), np.float32(1.0), np.float32(-1.0), np.float32(-1.0), np.float32(-1.0), np.float32(-1.0), np.float32(-1.0), np.float32(1.0)]",3,Compact
"[np.float32(1.0), np.float32(1.0), np.float32(-1.0), np.float32(-1.0), np.float32(-1.0), np.float32(-1.0), np.float32(-1.0), np.float32(1.0)]",3,Compact
"[np.float32(1.0), np.float32(1.0), np.float32(-1.0), np.float32(-1.0), np.float32(-1.0), np.float32(-1.0), np.float32(-1.0), np.float32(1.0)]",3,Compact
"[np.float32(-1.0), np.float32(-1.0), np.float32(1.0), np.float32(1.0), np.float32(1.0), np.float32(1.0), np.float32(1.0), np.float32(-1.0)]",3,Compact
"[np.float32(1.0), np.float32(1.0), np.float32(-1.0), np.float32(-1.0), np.float32(-1.0), np.float32(-1.0), np.float32(-1.0), np.float32(1.0)]",3,Compact
"[np.float32(1.0), np.float32(1.0), np.float32(-1.0), np.float32(-1.0), np.float32(-1.0), np.float32(-1.0), np.float32(-1.0), np.float32(1.0)]",3,Compact
"[np.float32(1.0), np.float32(1.0), np.float32(-1.0), np.float32(-1.0), np.float32(-1.0), np.float32(-1.0), np.float32(-1.0), np.float32(1.0)]",3,Compact
"[np.float32(1.0), np.float32(1.0), np.float32(-1.0), np.float32(-1.0), np.float32(-1.0), np.float32(-1.0), np.float32(-1.0), np.float32(1.0)]",3,Compact
"[np.float32(0.9969604), np.float32(0.9161364), np.float32(-0.99929816), np.float32(-0.96568), np.float32(-0.9971221), np.float32(-0.99799955), np.float32(-0.9968854), np.float32(0.99778944)]",3,Compact
"[np.float32(1.0), np.float32(1.0), np.float32(-1.0), np.float32(-1.0), np.float32(-1.0), np.float32(-1.0), np.float32(-1.0), np.float32(1.0)]",3,Compact
"[np.float32(1.0), np.float32(1.0), np.float32(-1.0), np.float32(-1.0), np.float32(-1.0), np.float32(-1.0), np.float32(-1.0), np.float32(1.0)]",3,Compact
"[np.float32(1.0), np.float32(1.0), np.float32(-1.0), np.float32(-1.0), np.float32(-1.0), np.float32(-1.0), np.float32(-1.0), np.float32(1.0)]",3,Compact
"[np.float32(-1.0), np.float32(-1.0), np.float32(1.0), np.float32(1.0), np.float32(1.0), np.float32(1.0), np.float32(1.0), np.float32(-1.0)]",3,Compact
"[np.float32(-1.0), np.float32(-1.0), np.float32(1.0), np.float32(1.0), np.float32(1.0), np.float32(1.0), np.float32(1.0), np.float32(-1.0)]",3,Compact
"[np.float32(-1.0), np.float32(-1.0), np.float32(1.0), np.float32(1.0), np.float32(1.0), np.float32(1.0), np.float32(1.0), np.float32(-1.0)]",3,Compact
"[np.float32(1.0), np.float32(1.0), np.float32(-1.0), np.float32(-1.0), np.float32(-1.0), np.float32(-1.0), np.float32(-1.0), np.float32(1.0)]",3,Compact
"[np.float32(0.9999982), np.float32(0.9999985), np.float32(-0.99999964), np.float32(-0.9999842), np.float32(-0.99999136), np.float32(-0.99999213), np.float32(-0.9999969), np.float32(0.99999857)]",3,Compact
"[np.float32(1.0), np.float32(1.0), np.float32(-1.0), np.float32(-1.0), np.float32(-1.0), np.float32(-1.0), np.float32(-1.0), np.float32(1.0)]",3,Compact
"[np.float32(1.0), np.float32(1.0), np.float32(-1.0), np.float32(-1.0), np.float32(-1.0), np.float32(-1.0), np.float32(-1.0), np.float32(1.0)]",3,Compact
"[np.float32(-0.9832895), np.float32(-0.9962511), np.float32(0.98761135), np.float32(0.99552166), np.float32(0.99222213), np.float32(0.95286685), np.float32(0.9928214), np.float32(-0.97531426)]",3,Compact
"[np.float32(1.0), np.float32(1.0), np.float32(-1.0), np.float32(-1.0), np.float32(-1.0), np.float32(-1.0), np.float32(-1.0), np.float32(1.0)]",3,Compact
"[np.float32(1.0), np.float32(1.0), np.float32(-1.0), np.float32(-1.0), np.float32(-1.0), np.float32(-1.0), np.float32(-1.0), np.float32(1.0)]",3,Compact
"[np.float32(1.0), np.float32(1.0), np.float32(-1.0), np.float32(-1.0), np.float32(-1.0), np.float32(-1.0), np.float32(-1.0), np.float32(1.0)]",3,Compact
"[np.float32(1.0), np.float32(1.0), np.float32(-1.0), np.float32(-1.0), np.float32(-1.0), np.float32(-1.0), np.float32(-1.0), np.float32(1.0)]",3,Compact
"[np.float32(1.0), np.float32(1.0), np.float32(-1.0), np.float32(-1.0), np.float32(-1.0), np.float32(-1.0), np.float32(-1.0), np.float32(1.0)]",3,Compact
"[np.float32(1.0), np.float32(1.0), np.float32(-1.0), np.float32(-1.0), np.float32(-1.0), np.float32(-1.0), np.float32(-1.0), np.float32(1.0)]",3,Compact
"[np.float32(1.0), np.float32(1.0), np.float32(-1.0), np.float32(-1.0), np.float32(-1.0), np.float32(-1.0), np.float32(-1.0), np.float32(1.0)]",3,Compact
"[np.float32(1.0), np.float32(1.0), np.float32(-1.0), np.float32(-1.0), np.float32(-1.0), np.float32(-1.0), np.float32(-1.0), np.float32(1.0)]",3,Compact
"[np.float32(1.0), np.float32(1.0), np.float32(-1.0), np.float32(-1.0), np.float32(-1.0), np.float32(-1.0), np.float32(-1.0), np.float32(1.0)]",3,Compact
"[np.float32(1.0), np.float32(1.0), np.float32(-1.0), np.float32(-1.0), np.float32(-1.0), np.float32(-1.0), np.float32(-1.0), np.float32(1.0)]",3,Compact
"[np.float32(1.0), np.float32(1.0), np.float32(-1.0), np.float32(-1.0), np.float32(-1.0), np.float32(-1.0), np.float32(-1.0), np.float32(1.0)]",3,Compact
"[np.float32(1.0), np.float32(1.0), np.float32(-1.0), np.float32(-1.0), np.float32(-1.0), np.float32(-1.0), np.float32(-1.0), np.float32(1.0)]",3,Compact
"[np.float32(1.0), np.float32(1.0), np.float32(-1.0), np.float32(-1.0), np.float32(-1.0), np.float32(-1.0), np.float32(-1.0), np.float32(1.0)]",3,Compact
"[np.float32(1.0), np.float32(1.0), np.float32(-1.0), np.float32(-1.0), np.float32(-1.0), np.float32(-1.0), np.float32(-1.0), np.float32(1.0)]",3,Compact
"[np.float32(0.99999905), np.float32(0.99999785), np.float32(-0.9999998), np.float32(-0.9999854), np.float32(-0.9999968), np.float32(-0.99999815), np.float32(-0.999998), np.float32(0.99999934)]",3,Compact
"[np.float32(-0.5775654), np.float32(-0.9464426), np.float32(0.86949646), np.float32(0.8548589), np.float32(0.95555854), np.float32(0.7806275), np.float32(0.87768584), np.float32(-0.50399214)]",3,Compact
"[np.float32(1.0), np.float32(1.0), np.float32(-1.0), np.float32(-1.0), np.float32(-1.0), np.float32(-1.0), np.float32(-1.0), np.float32(1.0)]",3,Compact
"[np.float32(1.0), np.float32(1.0), np.float32(-1.0), np.float32(-1.0), np.float32(-1.0), np.float32(-1.0), np.float32(-1.0), np.float32(1.0)]",3,Compact
"[np.float32(1.0), np.float32(1.0), np.float32(-1.0), np.float32(-1.0), np.float32(-1.0), np.float32(-1.0), np.float32(-1.0), np.float32(1.0)]",3,Compact
"[np.float32(1.0), np.float32(1.0), np.float32(-1.0), np.float32(-1.0), np.float32(-1.0), np.float32(-1.0), np.float32(-1.0), np.float32(1.0)]",3,Compact
"[np.float32(1.0), np.float32(1.0), np.float32(-1.0), np.float32(-1.0), np.float32(-1.0), np.float32(-1.0), np.float32(-1.0), np.float32(1.0)]",3,Compact
"[np.float32(1.0), np.float32(1.0), np.float32(-1.0), np.float32(-1.0), np.float32(-1.0), np.float32(-1.0), np.float32(-1.0), np.float32(1.0)]",3,Compact
"[np.float32(1.0), np.float32(1.0), np.float32(-1.0), np.float32(-1.0), np.float32(-1.0), np.float32(-1.0), np.float32(-1.0), np.float32(1.0)]",3,Compact
"[np.float32(0.9993056), np.float32(0.9994434), np.float32(-0.99678564), np.float32(-0.997373), np.float32(-0.9976582), np.float32(-0.9996705), np.float32(-0.99887496), np.float32(0.99901843)]",3,Compact
"[np.float32(1.0), np.float32(1.0), np.float32(-1.0), np.float32(-1.0), np.float32(-1.0), np.float32(-1.0), np.float32(-1.0), np.float32(1.0)]",3,Compact
"[np.float32(1.0), np.float32(0.99999994), np.float32(-1.0), np.float32(-0.9999999), np.float32(-0.99999994), np.float32(-1.0), np.float32(-1.0), np.float32(1.0)]",3,Compact
"[np.float32(0.99993604), np.float32(0.9997428), np.float32(-0.99989), np.float32(-0.99897075), np.float32(-0.9996106), np.float32(-0.99991685), np.float32(-0.99986845), np.float32(0.9999196)]",3,Compact
"[np.float32(1.0), np.float32(0.99999994), np.float32(-0.9999998), np.float32(-0.99999976), np.float32(-0.9999991), np.float32(-0.99999976), np.float32(-0.99999976), np.float32(0.99999994)]",3,Compact
"[np.float32(1.0), np.float32(1.0), np.float32(-1.0), np.float32(-1.0), np.float32(-1.0), np.float32(-1.0), np.float32(-1.0), np.float32(1.0)]",3,Compact
"[np.float32(0.99999994), np.float32(0.9999961), np.float32(-0.99999994), np.float32(-0.9999978), np.float32(-0.99999964), np.float32(-0.9999998), np.float32(-0.9999999), np.float32(0.9999999)]",3,Compact
"[np.float32(1.0), np.float32(1.0), np.float32(-1.0), np.float32(-1.0), np.float32(-1.0), np.float32(-1.0), np.float32(-1.0), np.float32(1.0)]",3,Compact
"[np.float32(1.0), np.float32(1.0), np.float32(-1.0), np.float32(-1.0), np.float32(-1.0), np.float32(-1.0), np.float32(-1.0), np.float32(1.0)]",3,Compact
"[np.float32(0.99999994), np.float32(0.999999), np.float32(-0.99999994), np.float32(-0.9999992), np.float32(-0.99999934), np.float32(-0.9999998), np.float32(-0.9999998), np.float32(0.9999999)]",3,Compact
"[np.float32(1.0), np.float32(1.0), np.float32(-1.0), np.float32(-1.0), np.float32(-1.0), np.float32(-1.0), np.float32(-1.0), np.float32(1.0)]",3,Compact
"[np.float32(-1.0), np.float32(-1.0), np.float32(1.0), np.float32(1.0), np.float32(1.0), np.float32(1.0), np.float32(1.0), np.float32(-1.0)]",3,Compact
"[np.float32(1.0), np.float32(1.0), np.float32(-1.0), np.float32(-1.0), np.float32(-1.0), np.float32(-1.0), np.float32(-1.0), np.float32(1.0)]",3,Compact
"[np.float32(1.0), np.float32(1.0), np.float32(-1.0), np.float32(-1.0), np.float32(-1.0), np.float32(-1.0), np.float32(-1.0), np.float32(1.0)]",3,Compact
"[np.float32(1.0), np.float32(1.0), np.float32(-1.0), np.float32(-1.0), np.float32(-1.0), np.float32(-1.0), np.float32(-1.0), np.float32(1.0)]",3,Compact
"[np.float32(-1.0), np.float32(-1.0), np.float32(1.0), np.float32(1.0), np.float32(1.0), np.float32(1.0), np.float32(1.0), np.float32(-1.0)]",3,Compact
"[np.float32(-0.601816), np.float32(-0.73709166), np.float32(0.867821), np.float32(0.7557899), np.float32(0.8923448), np.float32(0.33793974), np.float32(0.7823339), np.float32(-0.5703201)]",3,Compact
"[np.float32(1.0), np.float32(1.0), np.float32(-1.0), np.float32(-1.0), np.float32(-1.0), np.float32(-1.0), np.float32(-1.0), np.float32(1.0)]",3,Compact
"[np.float32(1.0), np.float32(1.0), np.float32(-1.0), np.float32(-1.0), np.float32(-1.0), np.float32(-1.0), np.float32(-1.0), np.float32(1.0)]",3,Compact
"[np.float32(-1.0), np.float32(-1.0), np.float32(1.0), np.float32(1.0), np.float32(1.0), np.float32(1.0), np.float32(1.0), np.float32(-1.0)]",3,Compact
"[np.float32(1.0), np.float32(1.0), np.float32(-1.0), np.float32(-1.0), np.float32(-1.0), np.float32(-1.0), np.float32(-1.0), np.float32(1.0)]",3,Compact
"[np.float32(-1.0), np.float32(-1.0), np.float32(1.0), np.float32(1.0), np.float32(1.0), np.float32(1.0), np.float32(1.0), np.float32(-1.0)]",3,Compact
"[np.float32(1.0), np.float32(1.0), np.float32(-1.0), np.float32(-1.0), np.float32(-1.0), np.float32(-1.0), np.float32(-1.0), np.float32(1.0)]",3,Compact
"[np.float32(0.88946927), np.float32(-0.07104673), np.float32(-0.5610964), np.float32(-0.579049), np.float32(-0.5125931), np.float32(-0.8554972), np.float32(-0.41815045), np.float32(0.93568337)]",3,Compact
"[np.float32(-1.0), np.float32(-1.0), np.float32(1.0), np.float32(1.0), np.float32(1.0), np.float32(1.0), np.float32(1.0), np.float32(-1.0)]",3,Compact
"[np.float32(1.0), np.float32(1.0), np.float32(-1.0), np.float32(-0.99999994), np.float32(-1.0), np.float32(-1.0), np.float32(-1.0), np.float32(1.0)]",3,Compact
"[np.float32(0.9999954), np.float32(0.9997927), np.float32(-0.9999987), np.float32(-0.9998895), np.float32(-0.99998146), np.float32(-0.9999952), np.float32(-0.99999565), np.float32(0.99999094)]",3,Compact
"[np.float32(1.0), np.float32(1.0), np.float32(-1.0), np.float32(-1.0), np.float32(-1.0), np.float32(-1.0), np.float32(-1.0), np.float32(1.0)]",3,Compact
"[np.float32(1.0), np.float32(1.0), np.float32(-1.0), np.float32(-1.0), np.float32(-1.0), np.float32(-1.0), np.float32(-1.0), np.float32(1.0)]",3,Compact
"[np.float32(1.0), np.float32(1.0), np.float32(-1.0), np.float32(-1.0), np.float32(-1.0), np.float32(-1.0), np.float32(-1.0), np.float32(1.0)]",3,Compact
"[np.float32(0.9999999), np.float32(0.99999976), np.float32(-1.0), np.float32(-0.99999875), np.float32(-0.99999964), np.float32(-0.9999999), np.float32(-0.9999999), np.float32(0.9999998)]",3,Compact
"[np.float32(1.0), np.float32(1.0), np.float32(-1.0), np.float32(-1.0), np.float32(-1.0), np.float32(-1.0), np.float32(-1.0), np.float32(1.0)]",3,Compact
